2026-08-28 00:03:17 - INFO - 🔄 Bắt đầu chương trình...
2026-08-28 00:03:17 - INFO - ============================================================
2026-08-28 00:03:17 - INFO - FACESECURE - KHỞI TẠO HỆ THỐNG
2026-08-28 00:03:17 - INFO - ============================================================
2026-08-28 00:03:17 - INFO - [1] Khởi tạo cơ sở dữ liệu...
2026-08-28 00:03:17 - INFO -     Đã tải 2 người dùng
2026-08-28 00:03:17 - INFO - [2] Khởi tạo MTCNN...
2026-08-28 00:03:18 - INFO -     OK
2026-08-28 00:03:18 - INFO - [3] Khởi tạo FaceNet...
2026-08-28 00:03:18 - INFO -     OK
2026-08-28 00:03:18 - INFO - [4] Khởi tạo Face Matcher...
2026-08-28 00:03:18 - INFO -     OK
2026-08-28 00:03:18 - INFO - [5] Khởi tạo Face Recognizer...
2026-08-28 00:03:18 - INFO - [Recognizer] Khởi tạo với phương pháp: cosine
2026-08-28 00:03:18 - INFO -     OK
2026-08-28 00:03:18 - INFO - [6] Khởi tạo Services...
2026-08-28 00:03:18 - INFO -     Đăng ký      : OK
2026-08-28 00:03:18 - INFO -     Nhận dạng 1:N : OK
2026-08-28 00:03:18 - INFO -     Xác minh 1:1  : OK
2026-08-28 00:03:18 - INFO - [7] Khởi tạo Face API...
2026-08-28 00:03:18 - INFO -     OK
2026-08-28 00:03:18 - INFO - [8] Khởi tạo Database API...
2026-08-28 00:03:18 - INFO -     OK
2026-08-28 00:03:18 - INFO - ============================================================
2026-08-28 00:03:18 - INFO - ✅ KHỞI TẠO HỆ THỐNG THÀNH CÔNG
2026-08-28 00:03:18 - INFO - ============================================================
2026-08-28 00:03:18 - INFO - 🔄 Đang khởi tạo giao diện...
2026-08-28 00:03:18 - INFO - [UI] Bắt đầu khởi tạo MainWindow...
2026-08-28 00:03:18 - INFO - [UI] Đang tạo giao diện...
2026-08-28 00:03:18 - INFO - [UI] Tạo trang đăng ký...
2026-08-28 00:03:18 - INFO - [Registration] Đã khởi tạo (GPU=True)
2026-08-28 00:03:18 - INFO - [UI] Tạo trang nhận dạng...
2026-08-28 00:03:18 - INFO - [Recognition] Đã tìm thấy font: C:/Windows/Fonts/arial.ttf
2026-08-28 00:03:18 - INFO - [Recognition] Đã khởi tạo (GPU=True, FPS=60)
2026-08-28 00:03:18 - INFO - [UI] Tạo trang quản lý...
2026-08-28 00:03:18 - INFO - [Database] Đã tải 2 người dùng
2026-08-28 00:03:18 - INFO - [Database] Đã khởi tạo
2026-08-28 00:03:18 - INFO - [UI] Tạo trang cài đặt...
2026-08-28 00:03:18 - INFO - [Recognition] Active: TẮT
2026-08-28 00:03:21 - INFO - [Registration] Active: BẬT
2026-08-28 00:03:21 - INFO - [UI] Giao diện đã tạo xong
2026-08-28 00:03:21 - INFO - [UI] MainWindow khởi tạo thành công! (FPS=60)
2026-08-28 00:03:22 - INFO - ✅ Giao diện đã hiển thị
2026-08-28 00:03:23 - INFO - [Registration] Active: TẮT
2026-08-28 00:03:23 - INFO - [Recognition] Active: BẬT (60fps)
2026-08-28 00:03:25 - INFO - [TTS] Engine đã khởi tạo
2026-08-28 00:03:25 - INFO - [TTS] Đang phát: Xin chào hoàng anh...
2026-08-28 00:03:25 - INFO - [Recognition] Đã phát giọng nói: Xin chào hoàng anh
2026-08-28 00:03:26 - INFO - [TTS] Dùng giọng Unicode: Microsoft David Desktop - English (United States)
2026-08-28 00:03:29 - INFO - [TTS] Đang phát: Xin chào hoàng anh...
2026-08-28 00:03:29 - INFO - [Recognition] Đã phát giọng nói: Xin chào hoàng anh
2026-08-28 00:03:29 - INFO - [TTS] Dùng giọng Unicode: Microsoft David Desktop - English (United States)
2026-08-28 00:03:32 - INFO - [TTS] Đang phát: Xin chào phát...
2026-08-28 00:03:32 - INFO - [Recognition] Đã phát giọng nói: Xin chào phát
2026-08-28 00:03:32 - INFO - [TTS] Dùng giọng Unicode: Microsoft David Desktop - English (United States)
2026-08-28 00:03:35 - INFO - [TTS] Đang phát: Xin chào hoàng anh...
2026-08-28 00:03:35 - INFO - [Recognition] Đã phát giọng nói: Xin chào hoàng anh
2026-08-28 00:03:35 - INFO - [TTS] Dùng giọng Unicode: Microsoft David Desktop - English (United States)
2026-08-28 00:03:38 - INFO - [TTS] Đang phát: Xin chào hoàng anh...
2026-08-28 00:03:38 - INFO - [Recognition] Đã phát giọng nói: Xin chào hoàng anh
2026-08-28 00:03:38 - INFO - [Recognition] Active: TẮT
2026-08-28 00:03:38 - INFO - [Registration] Active: BẬT
2026-08-28 00:03:38 - INFO - [TTS] Dùng giọng Unicode: Microsoft David Desktop - English (United States)
2026-08-28 00:05:33 - INFO - [UI] Đang đóng cửa sổ...
2026-08-28 00:10:03 - INFO - 🔄 Bắt đầu chương trình...
2026-08-28 00:10:03 - INFO - ============================================================
2026-08-28 00:10:03 - INFO - FACESECURE - KHỞI TẠO HỆ THỐNG
2026-08-28 00:10:03 - INFO - ============================================================
2026-08-28 00:10:03 - INFO - [1] Khởi tạo cơ sở dữ liệu...
2026-08-28 00:10:03 - INFO -     Đã tải 2 người dùng
2026-08-28 00:10:03 - INFO - [2] Khởi tạo MTCNN...
2026-08-28 00:10:04 - INFO -     OK
2026-08-28 00:10:04 - INFO - [3] Khởi tạo FaceNet...
2026-08-28 00:10:04 - INFO -     OK
2026-08-28 00:10:04 - INFO - [4] Khởi tạo Face Matcher...
2026-08-28 00:10:04 - INFO -     OK
2026-08-28 00:10:04 - INFO - [5] Khởi tạo Face Recognizer...
2026-08-28 00:10:04 - INFO - [Recognizer] Khởi tạo với phương pháp: cosine
2026-08-28 00:10:04 - INFO -     OK
2026-08-28 00:10:04 - INFO - [6] Khởi tạo Services...
2026-08-28 00:10:04 - INFO -     Đăng ký      : OK
2026-08-28 00:10:04 - INFO -     Nhận dạng 1:N : OK
2026-08-28 00:10:04 - INFO -     Xác minh 1:1  : OK
2026-08-28 00:10:04 - INFO - [7] Khởi tạo Face API...
2026-08-28 00:10:04 - INFO -     OK
2026-08-28 00:10:04 - INFO - [8] Khởi tạo Database API...
2026-08-28 00:10:04 - INFO -     OK
2026-08-28 00:10:04 - INFO - ============================================================
2026-08-28 00:10:04 - INFO - ✅ KHỞI TẠO HỆ THỐNG THÀNH CÔNG
2026-08-28 00:10:04 - INFO - ============================================================
2026-08-28 00:10:04 - INFO - 🔄 Đang khởi tạo giao diện...
2026-08-28 00:10:04 - INFO - [UI] Bắt đầu khởi tạo MainWindow...
2026-08-28 00:10:04 - INFO - [UI] Đang tạo giao diện...
2026-08-28 00:10:04 - INFO - [UI] Tạo trang đăng ký...
2026-08-28 00:10:04 - INFO - [Registration] Đã khởi tạo (GPU=True)
2026-08-28 00:10:04 - INFO - [UI] Tạo trang nhận dạng...
2026-08-28 00:10:04 - INFO - [Recognition] Đã tìm thấy font: C:/Windows/Fonts/arial.ttf
2026-08-28 00:10:05 - INFO - [Recognition] Đã khởi tạo (GPU=True, FPS=60)
2026-08-28 00:10:05 - INFO - [UI] Tạo trang quản lý...
2026-08-28 00:10:05 - INFO - [Database] Đã tải 2 người dùng
2026-08-28 00:10:05 - INFO - [Database] Đã khởi tạo
2026-08-28 00:10:05 - INFO - [UI] Tạo trang cài đặt...
2026-08-28 00:10:05 - INFO - [Recognition] Active: TẮT
2026-08-28 00:10:09 - INFO - [Registration] Active: BẬT
2026-08-28 00:10:09 - INFO - [UI] Giao diện đã tạo xong
2026-08-28 00:10:09 - INFO - [UI] MainWindow khởi tạo thành công! (FPS=60)
2026-08-28 00:10:09 - INFO - ✅ Giao diện đã hiển thị
2026-08-28 00:10:11 - INFO - [Registration] Active: TẮT
2026-08-28 00:10:11 - INFO - [Recognition] Active: BẬT (60fps)
2026-08-28 00:10:13 - INFO - [TTS] Engine đã khởi tạo
2026-08-28 00:10:13 - INFO - [TTS] Đang phát: Xin chào hoàng anh...
2026-08-28 00:10:13 - INFO - [Recognition] Đã phát giọng nói: Xin chào hoàng anh
2026-08-28 00:10:13 - INFO - [TTS] Danh sách voices khả dụng:
2026-08-28 00:10:13 - INFO -   - Microsoft David Desktop - English (United States) (ID: HKEY_LOCAL_MACHINE\SOFTWARE\Microsoft\Speech\Voice...)
2026-08-28 00:10:13 - INFO - [TTS] ✅ Tìm thấy giọng tiếng Việt: Microsoft David Desktop - English (United States)
2026-08-28 00:10:13 - INFO - [TTS] ✅ Đã chọn giọng: Microsoft David Desktop - English (United States)
2026-08-28 00:10:16 - INFO - [TTS] ✅ Đã phát: Xin chào hoàng anh...
2026-08-28 00:10:17 - INFO - [TTS] Đang phát: Xin chào hoàng anh...
2026-08-28 00:10:17 - INFO - [Recognition] Đã phát giọng nói: Xin chào hoàng anh
2026-08-28 00:10:17 - INFO - [TTS] Danh sách voices khả dụng:
2026-08-28 00:10:17 - INFO -   - Microsoft David Desktop - English (United States) (ID: HKEY_LOCAL_MACHINE\SOFTWARE\Microsoft\Speech\Voice...)
2026-08-28 00:10:17 - INFO - [TTS] ✅ Tìm thấy giọng tiếng Việt: Microsoft David Desktop - English (United States)
2026-08-28 00:10:17 - INFO - [TTS] ✅ Đã chọn giọng: Microsoft David Desktop - English (United States)
2026-08-28 00:10:20 - INFO - [TTS] ✅ Đã phát: Xin chào hoàng anh...
2026-08-28 00:10:20 - INFO - [TTS] Đang phát: Xin chào hoàng anh...
2026-08-28 00:10:20 - INFO - [Recognition] Đã phát giọng nói: Xin chào hoàng anh
2026-08-28 00:10:20 - INFO - [TTS] Danh sách voices khả dụng:
2026-08-28 00:10:20 - INFO -   - Microsoft David Desktop - English (United States) (ID: HKEY_LOCAL_MACHINE\SOFTWARE\Microsoft\Speech\Voice...)
2026-08-28 00:10:20 - INFO - [TTS] ✅ Tìm thấy giọng tiếng Việt: Microsoft David Desktop - English (United States)
2026-08-28 00:10:20 - INFO - [TTS] ✅ Đã chọn giọng: Microsoft David Desktop - English (United States)
2026-08-28 00:10:23 - INFO - [TTS] ✅ Đã phát: Xin chào hoàng anh...
2026-08-28 00:10:24 - INFO - [TTS] Đang phát: Xin chào hoàng anh...
2026-08-28 00:10:24 - INFO - [Recognition] Đã phát giọng nói: Xin chào hoàng anh
2026-08-28 00:10:24 - INFO - [TTS] Danh sách voices khả dụng:
2026-08-28 00:10:24 - INFO -   - Microsoft David Desktop - English (United States) (ID: HKEY_LOCAL_MACHINE\SOFTWARE\Microsoft\Speech\Voice...)
2026-08-28 00:10:24 - INFO - [TTS] ✅ Tìm thấy giọng tiếng Việt: Microsoft David Desktop - English (United States)
2026-08-28 00:10:24 - INFO - [TTS] ✅ Đã chọn giọng: Microsoft David Desktop - English (United States)
2026-08-28 00:10:27 - INFO - [TTS] ✅ Đã phát: Xin chào hoàng anh...
2026-08-28 00:10:29 - INFO - [TTS] Đang phát: Xin chào hoàng anh...
2026-08-28 00:10:29 - INFO - [Recognition] Đã phát giọng nói: Xin chào hoàng anh
2026-08-28 00:10:29 - INFO - [TTS] Danh sách voices khả dụng:
2026-08-28 00:10:29 - INFO -   - Microsoft David Desktop - English (United States) (ID: HKEY_LOCAL_MACHINE\SOFTWARE\Microsoft\Speech\Voice...)
2026-08-28 00:10:29 - INFO - [TTS] ✅ Tìm thấy giọng tiếng Việt: Microsoft David Desktop - English (United States)
2026-08-28 00:10:29 - INFO - [TTS] ✅ Đã chọn giọng: Microsoft David Desktop - English (United States)
2026-08-28 00:10:30 - INFO - [Recognition] Tắt tự động quét
2026-08-28 00:10:32 - INFO - [TTS] Đang phát: Xin chào hoàng anh...
2026-08-28 00:10:32 - INFO - [Recognition] Đã phát giọng nói: Xin chào hoàng anh
2026-08-28 00:10:32 - INFO - [TTS] Danh sách voices khả dụng:
2026-08-28 00:10:32 - INFO -   - Microsoft David Desktop - English (United States) (ID: HKEY_LOCAL_MACHINE\SOFTWARE\Microsoft\Speech\Voice...)
2026-08-28 00:10:32 - INFO - [TTS] ✅ Tìm thấy giọng tiếng Việt: Microsoft David Desktop - English (United States)
2026-08-28 00:10:32 - INFO - [TTS] ✅ Đã chọn giọng: Microsoft David Desktop - English (United States)
2026-08-28 00:10:32 - ERROR - [TTS] Lỗi pyttsx3: run loop already started
2026-08-28 00:10:32 - INFO - [TTS] Danh sách voices SAPI:
2026-08-28 00:10:32 - INFO -   - Microsoft David Desktop - English (United States)
2026-08-28 00:10:32 - INFO -   - Microsoft Zira Desktop - English (United States)
2026-08-28 00:10:32 - WARNING - [TTS] Không tìm thấy giọng tiếng Việt trong SAPI
2026-08-28 00:10:32 - INFO - [TTS] ✅ Đã phát: Xin chào hoàng anh...
2026-08-28 00:10:34 - INFO - [TTS] ✅ Đã phát (SAPI): Xin chào hoàng anh...
2026-08-28 00:10:40 - INFO - [TTS] Đang phát: Xác minh thành công, xin chào hoàng anh...
2026-08-28 00:10:40 - INFO - [Recognition] Đã phát giọng nói: Xác minh thành công, xin chào hoàng anh
2026-08-28 00:10:40 - INFO - [TTS] Danh sách voices khả dụng:
2026-08-28 00:10:40 - INFO -   - Microsoft David Desktop - English (United States) (ID: HKEY_LOCAL_MACHINE\SOFTWARE\Microsoft\Speech\Voice...)
2026-08-28 00:10:40 - INFO - [TTS] ✅ Tìm thấy giọng tiếng Việt: Microsoft David Desktop - English (United States)
2026-08-28 00:10:40 - INFO - [TTS] ✅ Đã chọn giọng: Microsoft David Desktop - English (United States)
2026-08-28 00:10:44 - INFO - [TTS] ✅ Đã phát: Xác minh thành công, xin chào ...
2026-08-28 00:10:47 - INFO - [UI] Đang đóng cửa sổ...
2026-08-28 00:12:43 - INFO - 🔄 Bắt đầu chương trình...
2026-08-28 00:12:43 - INFO - ============================================================
2026-08-28 00:12:43 - INFO - FACESECURE - KHỞI TẠO HỆ THỐNG
2026-08-28 00:12:43 - INFO - ============================================================
2026-08-28 00:12:43 - INFO - [1] Khởi tạo cơ sở dữ liệu...
2026-08-28 00:12:43 - INFO -     Đã tải 2 người dùng
2026-08-28 00:12:43 - INFO - [2] Khởi tạo MTCNN...
2026-08-28 00:12:44 - INFO -     OK
2026-08-28 00:12:44 - INFO - [3] Khởi tạo FaceNet...
2026-08-28 00:12:44 - INFO -     OK
2026-08-28 00:12:44 - INFO - [4] Khởi tạo Face Matcher...
2026-08-28 00:12:44 - INFO -     OK
2026-08-28 00:12:44 - INFO - [5] Khởi tạo Face Recognizer...
2026-08-28 00:12:44 - INFO - [Recognizer] Khởi tạo với phương pháp: cosine
2026-08-28 00:12:44 - INFO -     OK
2026-08-28 00:12:44 - INFO - [6] Khởi tạo Services...
2026-08-28 00:12:44 - INFO -     Đăng ký      : OK
2026-08-28 00:12:44 - INFO -     Nhận dạng 1:N : OK
2026-08-28 00:12:44 - INFO -     Xác minh 1:1  : OK
2026-08-28 00:12:44 - INFO - [7] Khởi tạo Face API...
2026-08-28 00:12:44 - INFO -     OK
2026-08-28 00:12:44 - INFO - [8] Khởi tạo Database API...
2026-08-28 00:12:44 - INFO -     OK
2026-08-28 00:12:44 - INFO - ============================================================
2026-08-28 00:12:44 - INFO - ✅ KHỞI TẠO HỆ THỐNG THÀNH CÔNG
2026-08-28 00:12:44 - INFO - ============================================================
2026-08-28 00:12:44 - INFO - 🔄 Đang khởi tạo giao diện...
2026-08-28 00:12:44 - INFO - [UI] Bắt đầu khởi tạo MainWindow...
2026-08-28 00:12:44 - INFO - [UI] Đang tạo giao diện...
2026-08-28 00:12:44 - INFO - [UI] Tạo trang đăng ký...
2026-08-28 00:12:44 - INFO - [Registration] Đã khởi tạo (GPU=True)
2026-08-28 00:12:44 - INFO - [UI] Tạo trang nhận dạng...
2026-08-28 00:12:44 - INFO - [Recognition] Đã tìm thấy font: C:/Windows/Fonts/arial.ttf
2026-08-28 00:12:45 - INFO - [Recognition] Đã khởi tạo (GPU=True, FPS=60)
2026-08-28 00:12:45 - INFO - [UI] Tạo trang quản lý...
2026-08-28 00:12:45 - INFO - [Database] Đã tải 2 người dùng
2026-08-28 00:12:45 - INFO - [Database] Đã khởi tạo
2026-08-28 00:12:45 - INFO - [UI] Tạo trang cài đặt...
2026-08-28 00:12:45 - INFO - [Recognition] Active: TẮT
2026-08-28 00:12:49 - INFO - [Registration] Active: BẬT
2026-08-28 00:12:49 - INFO - [UI] Giao diện đã tạo xong
2026-08-28 00:12:49 - INFO - [UI] MainWindow khởi tạo thành công! (FPS=60)
2026-08-28 00:12:50 - INFO - ✅ Giao diện đã hiển thị
2026-08-28 00:12:51 - INFO - [Registration] Active: TẮT
2026-08-28 00:12:51 - INFO - [Recognition] Active: BẬT (60fps)
2026-08-28 00:12:53 - INFO - [TTS] Engine đã khởi tạo
2026-08-28 00:12:53 - INFO - [TTS] Đang phát: Xin chào hoàng anh...
2026-08-28 00:12:53 - INFO - [Recognition] Đã phát giọng nói: Xin chào hoàng anh
2026-08-28 00:12:54 - INFO - [TTS] Danh sách voices khả dụng:
2026-08-28 00:12:54 - INFO -   - Microsoft David Desktop - English (United States) (ID: HKEY_LOCAL_MACHINE\SOFTWARE\Microsoft\Speech\Voice...)
2026-08-28 00:12:54 - INFO - [TTS] ✅ Tìm thấy giọng tiếng Việt: Microsoft David Desktop - English (United States)
2026-08-28 00:12:54 - INFO - [TTS] ✅ Đã chọn giọng: Microsoft David Desktop - English (United States)
2026-08-28 00:12:56 - INFO - [UI] Đang đóng cửa sổ...
2026-08-28 00:12:57 - INFO - [TTS] ✅ Đã phát: Xin chào hoàng anh...
2026-08-28 00:27:25 - INFO - 🔄 Bắt đầu chương trình...
2026-08-28 00:27:25 - INFO - ============================================================
2026-08-28 00:27:25 - INFO - FACESECURE - KHỞI TẠO HỆ THỐNG
2026-08-28 00:27:25 - INFO - ============================================================
2026-08-28 00:27:25 - INFO - [1] Khởi tạo cơ sở dữ liệu...
2026-08-28 00:27:25 - INFO -     Đã tải 2 người dùng
2026-08-28 00:27:25 - INFO - [2] Khởi tạo MTCNN...
2026-08-28 00:27:26 - INFO -     OK
2026-08-28 00:27:26 - INFO - [3] Khởi tạo FaceNet...
2026-08-28 00:27:26 - INFO -     OK
2026-08-28 00:27:26 - INFO - [4] Khởi tạo Face Matcher...
2026-08-28 00:27:26 - INFO -     OK
2026-08-28 00:27:26 - INFO - [5] Khởi tạo Face Recognizer...
2026-08-28 00:27:26 - INFO - [Recognizer] Khởi tạo với phương pháp: cosine
2026-08-28 00:27:26 - INFO -     OK
2026-08-28 00:27:26 - INFO - [6] Khởi tạo Services...
2026-08-28 00:27:26 - INFO -     Đăng ký      : OK
2026-08-28 00:27:26 - INFO -     Nhận dạng 1:N : OK
2026-08-28 00:27:26 - INFO -     Xác minh 1:1  : OK
2026-08-28 00:27:26 - INFO - [7] Khởi tạo Face API...
2026-08-28 00:27:26 - INFO -     OK
2026-08-28 00:27:26 - INFO - [8] Khởi tạo Database API...
2026-08-28 00:27:26 - INFO -     OK
2026-08-28 00:27:26 - INFO - ============================================================
2026-08-28 00:27:26 - INFO - ✅ KHỞI TẠO HỆ THỐNG THÀNH CÔNG
2026-08-28 00:27:26 - INFO - ============================================================
2026-08-28 00:27:26 - INFO - 🔄 Đang khởi tạo giao diện...
2026-08-28 00:27:26 - INFO - [UI] Bắt đầu khởi tạo MainWindow...
2026-08-28 00:27:26 - INFO - [UI] Đang tạo giao diện...
2026-08-28 00:27:26 - INFO - [UI] Tạo trang đăng ký...
2026-08-28 00:27:26 - INFO - [Registration] Đã khởi tạo (GPU=True)
2026-08-28 00:27:26 - INFO - [UI] Tạo trang nhận dạng...
2026-08-28 00:27:26 - INFO - [Recognition] Đã tìm thấy font: C:/Windows/Fonts/arial.ttf
2026-08-28 00:27:27 - INFO - [Recognition] Đã khởi tạo (GPU=True, FPS=60)
2026-08-28 00:27:27 - INFO - [UI] Tạo trang quản lý...
2026-08-28 00:27:27 - INFO - [Database] Đã tải 2 người dùng
2026-08-28 00:27:27 - INFO - [Database] Đã khởi tạo
2026-08-28 00:27:27 - INFO - [UI] Tạo trang cài đặt...
2026-08-28 00:27:27 - INFO - [Recognition] Active: TẮT
2026-08-28 00:27:30 - INFO - [Registration] Active: BẬT
2026-08-28 00:27:30 - INFO - [UI] Giao diện đã tạo xong
2026-08-28 00:27:30 - INFO - [UI] MainWindow khởi tạo thành công! (FPS=60)
2026-08-28 00:27:31 - INFO - ✅ Giao diện đã hiển thị
2026-08-28 00:27:34 - INFO - [Registration] Active: TẮT
2026-08-28 00:27:34 - INFO - [Recognition] Active: BẬT (60fps)
2026-08-28 00:27:36 - ERROR - [Recognition] Lỗi phát giọng nói: speak() got an unexpected keyword argument 'voice'
2026-08-28 00:27:40 - ERROR - [Recognition] Lỗi phát giọng nói: speak() got an unexpected keyword argument 'voice'
2026-08-28 00:27:47 - ERROR - [Recognition] Lỗi phát giọng nói: speak() got an unexpected keyword argument 'voice'
2026-08-28 00:27:50 - ERROR - [Recognition] Lỗi phát giọng nói: speak() got an unexpected keyword argument 'voice'
2026-08-28 00:27:50 - INFO - [Registration] Active: TẮT
2026-08-28 00:27:50 - INFO - [Recognition] Active: TẮT
2026-08-28 00:27:50 - INFO - [UI] Camera paused
2026-08-28 00:27:50 - INFO - [Database] Đã tải 2 người dùng
2026-08-28 00:28:21 - INFO - [UI] Đang đóng cửa sổ...
2026-08-28 00:29:26 - INFO - [TTS] Engine đã khởi tạo (gTTS + pygame)
2026-08-28 00:29:26 - INFO - [TTS] Đang phát: Xin chào...
2026-08-28 00:29:26 - INFO - [TTS] Đang phát: Xin chào...
2026-08-28 00:29:26 - INFO - [TTS] Đang phát: Xin chào...
2026-08-28 00:29:38 - INFO - [TTS] Engine đã khởi tạo (gTTS + pygame)
2026-08-28 00:29:38 - INFO - [TTS] Đang phát: Xin chào...
2026-08-28 00:29:38 - INFO - [TTS] Đang phát: Xin chào...
2026-08-28 00:29:38 - INFO - [TTS] Đang phát: Xin chào...
2026-08-28 00:29:54 - INFO - 🔄 Bắt đầu chương trình...
2026-08-28 00:29:54 - INFO - ============================================================
2026-08-28 00:29:54 - INFO - FACESECURE - KHỞI TẠO HỆ THỐNG
2026-08-28 00:29:54 - INFO - ============================================================
2026-08-28 00:29:54 - INFO - [1] Khởi tạo cơ sở dữ liệu...
2026-08-28 00:29:54 - INFO -     Đã tải 2 người dùng
2026-08-28 00:29:54 - INFO - [2] Khởi tạo MTCNN...
2026-08-28 00:29:55 - INFO -     OK
2026-08-28 00:29:55 - INFO - [3] Khởi tạo FaceNet...
2026-08-28 00:29:55 - INFO -     OK
2026-08-28 00:29:55 - INFO - [4] Khởi tạo Face Matcher...
2026-08-28 00:29:55 - INFO -     OK
2026-08-28 00:29:55 - INFO - [5] Khởi tạo Face Recognizer...
2026-08-28 00:29:55 - INFO - [Recognizer] Khởi tạo với phương pháp: cosine
2026-08-28 00:29:55 - INFO -     OK
2026-08-28 00:29:55 - INFO - [6] Khởi tạo Services...
2026-08-28 00:29:55 - INFO -     Đăng ký      : OK
2026-08-28 00:29:55 - INFO -     Nhận dạng 1:N : OK
2026-08-28 00:29:55 - INFO -     Xác minh 1:1  : OK
2026-08-28 00:29:55 - INFO - [7] Khởi tạo Face API...
2026-08-28 00:29:55 - INFO -     OK
2026-08-28 00:29:55 - INFO - [8] Khởi tạo Database API...
2026-08-28 00:29:55 - INFO -     OK
2026-08-28 00:29:55 - INFO - ============================================================
2026-08-28 00:29:55 - INFO - ✅ KHỞI TẠO HỆ THỐNG THÀNH CÔNG
2026-08-28 00:29:55 - INFO - ============================================================
2026-08-28 00:29:55 - INFO - 🔄 Đang khởi tạo giao diện...
2026-08-28 00:29:55 - INFO - [UI] Bắt đầu khởi tạo MainWindow...
2026-08-28 00:29:55 - INFO - [UI] Đang tạo giao diện...
2026-08-28 00:29:55 - INFO - [UI] Tạo trang đăng ký...
2026-08-28 00:29:55 - INFO - [Registration] Đã khởi tạo (GPU=True)
2026-08-28 00:29:55 - INFO - [UI] Tạo trang nhận dạng...
2026-08-28 00:29:55 - INFO - [Recognition] Đã tìm thấy font: C:/Windows/Fonts/arial.ttf
2026-08-28 00:29:56 - INFO - [Recognition] Đã khởi tạo (GPU=True, FPS=60)
2026-08-28 00:29:56 - INFO - [UI] Tạo trang quản lý...
2026-08-28 00:29:56 - INFO - [Database] Đã tải 2 người dùng
2026-08-28 00:29:56 - INFO - [Database] Đã khởi tạo
2026-08-28 00:29:56 - INFO - [UI] Tạo trang cài đặt...
2026-08-28 00:29:56 - INFO - [Recognition] Active: TẮT
2026-08-28 00:29:59 - INFO - [Registration] Active: BẬT
2026-08-28 00:29:59 - INFO - [UI] Giao diện đã tạo xong
2026-08-28 00:29:59 - INFO - [UI] MainWindow khởi tạo thành công! (FPS=60)
2026-08-28 00:30:00 - INFO - ✅ Giao diện đã hiển thị
2026-08-28 00:30:01 - INFO - [Registration] Active: TẮT
2026-08-28 00:30:01 - INFO - [Recognition] Active: BẬT (60fps)
2026-08-28 00:30:03 - ERROR - [Recognition] Lỗi phát giọng nói: speak() got an unexpected keyword argument 'voice'
2026-08-28 00:30:11 - ERROR - [Recognition] Lỗi phát giọng nói: speak() got an unexpected keyword argument 'voice'
2026-08-28 00:30:12 - INFO - [UI] Đang đóng cửa sổ...
2026-08-28 00:58:37 - INFO - [TTS] Đang phát: Xin chào...
2026-08-28 00:58:37 - INFO - [TTS] Đang phát: Xin chào, đây là tiếng Việt...
2026-08-28 00:58:39 - INFO - [TTS] Đang phát: Chào mừng bạn đến với hệ thống...
2026-08-28 00:58:41 - INFO - [TTS] Đang phát: Nhận dạng thành công...
2026-08-28 00:58:43 - INFO - [TTS] Đang phát: Xác minh thất bại...
2026-08-28 01:02:57 - INFO - 🔄 Bắt đầu chương trình...
2026-08-28 01:02:58 - INFO - ============================================================
2026-08-28 01:02:58 - INFO - FACESECURE - KHỞI TẠO HỆ THỐNG
2026-08-28 01:02:58 - INFO - ============================================================
2026-08-28 01:02:58 - INFO - [1] Khởi tạo cơ sở dữ liệu...
2026-08-28 01:02:58 - INFO -     Đã tải 2 người dùng
2026-08-28 01:02:58 - INFO - [2] Khởi tạo MTCNN...
2026-08-28 01:02:58 - INFO -     OK
2026-08-28 01:02:58 - INFO - [3] Khởi tạo FaceNet...
2026-08-28 01:02:59 - INFO -     OK
2026-08-28 01:02:59 - INFO - [4] Khởi tạo Face Matcher...
2026-08-28 01:02:59 - INFO -     OK
2026-08-28 01:02:59 - INFO - [5] Khởi tạo Face Recognizer...
2026-08-28 01:02:59 - INFO - [Recognizer] Khởi tạo với phương pháp: cosine
2026-08-28 01:02:59 - INFO -     OK
2026-08-28 01:02:59 - INFO - [6] Khởi tạo Services...
2026-08-28 01:02:59 - INFO -     Đăng ký      : OK
2026-08-28 01:02:59 - INFO -     Nhận dạng 1:N : OK
2026-08-28 01:02:59 - INFO -     Xác minh 1:1  : OK
2026-08-28 01:02:59 - INFO - [7] Khởi tạo Face API...
2026-08-28 01:02:59 - INFO -     OK
2026-08-28 01:02:59 - INFO - [8] Khởi tạo Database API...
2026-08-28 01:02:59 - INFO -     OK
2026-08-28 01:02:59 - INFO - ============================================================
2026-08-28 01:02:59 - INFO - ✅ KHỞI TẠO HỆ THỐNG THÀNH CÔNG
2026-08-28 01:02:59 - INFO - ============================================================
2026-08-28 01:02:59 - INFO - 🔄 Đang khởi tạo giao diện...
2026-08-28 01:02:59 - INFO - [UI] Bắt đầu khởi tạo MainWindow...
2026-08-28 01:02:59 - INFO - [UI] Đang tạo giao diện...
2026-08-28 01:02:59 - INFO - [UI] Tạo trang đăng ký...
2026-08-28 01:02:59 - INFO - [Registration] Đã khởi tạo (GPU=True)
2026-08-28 01:02:59 - INFO - [UI] Tạo trang nhận dạng...
2026-08-28 01:02:59 - INFO - [Recognition] Đã tìm thấy font: C:/Windows/Fonts/arial.ttf
2026-08-28 01:03:00 - INFO - [Recognition] Đã khởi tạo (GPU=True, FPS=60)
2026-08-28 01:03:00 - INFO - [UI] Tạo trang quản lý...
2026-08-28 01:03:00 - INFO - [Database] Đã tải 2 người dùng
2026-08-28 01:03:00 - INFO - [Database] Đã khởi tạo
2026-08-28 01:03:00 - INFO - [UI] Tạo trang cài đặt...
2026-08-28 01:03:00 - INFO - [Recognition] Active: TẮT
2026-08-28 01:03:03 - INFO - [Registration] Active: BẬT
2026-08-28 01:03:03 - INFO - [UI] Giao diện đã tạo xong
2026-08-28 01:03:03 - INFO - [UI] MainWindow khởi tạo thành công! (FPS=60)
2026-08-28 01:03:04 - INFO - ✅ Giao diện đã hiển thị
2026-08-28 01:03:06 - INFO - [Registration] Active: TẮT
2026-08-28 01:03:06 - INFO - [Recognition] Active: BẬT (60fps)
2026-08-28 01:03:09 - INFO - [TTS] Đang phát: Xin chào hoàng anh...
2026-08-28 01:03:09 - INFO - [Recognition] Đã phát giọng nói: Xin chào hoàng anh
2026-08-28 01:03:12 - INFO - [TTS] ✅ Đã phát xong: Xin chào hoàng anh...
2026-08-28 01:03:14 - INFO - [TTS] Đang phát: Xin chào hoàng anh...
2026-08-28 01:03:14 - INFO - [Recognition] Đã phát giọng nói: Xin chào hoàng anh
2026-08-28 01:03:16 - INFO - [TTS] ✅ Đã phát xong: Xin chào hoàng anh...
2026-08-28 01:03:18 - INFO - [Recognition] Tắt tự động quét
2026-08-28 01:03:19 - INFO - [TTS] Đang phát: Xin chào hoàng anh...
2026-08-28 01:03:19 - INFO - [Recognition] Đã phát giọng nói: Xin chào hoàng anh
2026-08-28 01:03:21 - INFO - [TTS] ✅ Đã phát xong: Xin chào hoàng anh...
2026-08-28 01:03:26 - INFO - [TTS] Đang phát: Xác minh thành công, xin chào ...
2026-08-28 01:03:26 - INFO - [Recognition] Đã phát giọng nói: Xác minh thành công, xin chào hoàng anh
2026-08-28 01:03:31 - INFO - [TTS] ✅ Đã phát xong: Xác minh thành công, xin chào ...
2026-08-28 01:04:44 - INFO - [UI] Đang đóng cửa sổ...
2026-08-28 01:07:30 - INFO - 🔄 Bắt đầu chương trình...
2026-08-28 01:07:30 - INFO - ============================================================
2026-08-28 01:07:30 - INFO - FACESECURE - KHỞI TẠO HỆ THỐNG
2026-08-28 01:07:30 - INFO - ============================================================
2026-08-28 01:07:30 - INFO - [1] Khởi tạo cơ sở dữ liệu...
2026-08-28 01:07:30 - INFO -     Đã tải 2 người dùng
2026-08-28 01:07:30 - INFO - [2] Khởi tạo MTCNN...
2026-08-28 01:07:31 - INFO -     OK
2026-08-28 01:07:31 - INFO - [3] Khởi tạo FaceNet...
2026-08-28 01:07:31 - INFO -     OK
2026-08-28 01:07:31 - INFO - [4] Khởi tạo Face Matcher...
2026-08-28 01:07:31 - INFO -     OK
2026-08-28 01:07:31 - INFO - [5] Khởi tạo Face Recognizer...
2026-08-28 01:07:31 - INFO - [Recognizer] Khởi tạo với phương pháp: cosine
2026-08-28 01:07:31 - INFO -     OK
2026-08-28 01:07:31 - INFO - [6] Khởi tạo Services...
2026-08-28 01:07:31 - INFO -     Đăng ký      : OK
2026-08-28 01:07:31 - INFO -     Nhận dạng 1:N : OK
2026-08-28 01:07:31 - INFO -     Xác minh 1:1  : OK
2026-08-28 01:07:31 - INFO - [7] Khởi tạo Face API...
2026-08-28 01:07:31 - INFO -     OK
2026-08-28 01:07:31 - INFO - [8] Khởi tạo Database API...
2026-08-28 01:07:31 - INFO -     OK
2026-08-28 01:07:31 - INFO - ============================================================
2026-08-28 01:07:31 - INFO - ✅ KHỞI TẠO HỆ THỐNG THÀNH CÔNG
2026-08-28 01:07:31 - INFO - ============================================================
2026-08-28 01:07:31 - INFO - 🔄 Đang khởi tạo giao diện...
2026-08-28 01:07:31 - INFO - [UI] Bắt đầu khởi tạo MainWindow...
2026-08-28 01:07:31 - INFO - [UI] Đang tạo giao diện...
2026-08-28 01:07:31 - INFO - [UI] Tạo trang đăng ký...
2026-08-28 01:07:31 - INFO - [Registration] Đã khởi tạo (GPU=True)
2026-08-28 01:07:31 - INFO - [UI] Tạo trang nhận dạng...
2026-08-28 01:07:31 - INFO - [Recognition] Đã tìm thấy font: C:/Windows/Fonts/arial.ttf
2026-08-28 01:07:32 - INFO - [Recognition] Đã khởi tạo (GPU=True, FPS=60)
2026-08-28 01:07:32 - INFO - [UI] Tạo trang quản lý...
2026-08-28 01:07:32 - INFO - [Database] Đã tải 2 người dùng
2026-08-28 01:07:32 - INFO - [Database] Đã khởi tạo
2026-08-28 01:07:32 - INFO - [UI] Tạo trang cài đặt...
2026-08-28 01:07:32 - INFO - [Recognition] Active: TẮT
2026-08-28 01:07:35 - INFO - [Registration] Active: BẬT
2026-08-28 01:07:35 - INFO - [UI] Giao diện đã tạo xong
2026-08-28 01:07:35 - INFO - [UI] MainWindow khởi tạo thành công! (FPS=60)
2026-08-28 01:07:36 - INFO - ✅ Giao diện đã hiển thị
2026-08-28 01:07:38 - INFO - [Registration] Active: TẮT
2026-08-28 01:07:38 - INFO - [Recognition] Active: BẬT (60fps)
2026-08-28 01:07:41 - INFO - [TTS] Đang phát: nhận diện thành công hoàng anh...
2026-08-28 01:07:41 - INFO - [Recognition] Đã phát giọng nói: nhận diện thành công hoàng anh
2026-08-28 01:07:45 - INFO - [TTS] ✅ Đã phát xong: nhận diện thành công hoàng anh...
2026-08-28 01:07:46 - INFO - [TTS] Đang phát: nhận diện thành công hoàng anh...
2026-08-28 01:07:46 - INFO - [Recognition] Đã phát giọng nói: nhận diện thành công hoàng anh
2026-08-28 01:07:47 - INFO - [Recognition] Tắt tự động quét
2026-08-28 01:07:48 - INFO - [TTS] Đang phát: nhận diện thành công hoàng anh...
2026-08-28 01:07:48 - INFO - [Recognition] Đã phát giọng nói: nhận diện thành công hoàng anh
2026-08-28 01:07:51 - INFO - [TTS] ✅ Đã phát xong: nhận diện thành công hoàng anh...
2026-08-28 01:07:51 - ERROR - [TTS] Lỗi: mixer not initialized
2026-08-28 01:07:54 - INFO - [TTS] ✅ Đã phát (pyttsx3): nhận diện thành công hoàng anh...
2026-08-28 01:07:58 - INFO - [TTS] Đang phát: Xác minh thất bại, không được ...
2026-08-28 01:07:58 - INFO - [Recognition] Đã phát giọng nói: Xác minh thất bại, không được phép truy cập
2026-08-28 01:08:02 - INFO - [TTS] ✅ Đã phát xong: Xác minh thất bại, không được ...
2026-08-28 01:08:08 - INFO - [TTS] Đang phát: Xác minh thành công,hoàng anh...
2026-08-28 01:08:08 - INFO - [Recognition] Đã phát giọng nói: Xác minh thành công,hoàng anh
2026-08-28 01:08:13 - INFO - [TTS] ✅ Đã phát xong: Xác minh thành công,hoàng anh...
2026-08-28 01:09:21 - INFO - [UI] Đang đóng cửa sổ...
2026-08-28 01:09:34 - INFO - 🔄 Bắt đầu chương trình...
2026-08-28 01:09:34 - INFO - ============================================================
2026-08-28 01:09:34 - INFO - FACESECURE - KHỞI TẠO HỆ THỐNG
2026-08-28 01:09:34 - INFO - ============================================================
2026-08-28 01:09:34 - INFO - [1] Khởi tạo cơ sở dữ liệu...
2026-08-28 01:09:34 - INFO -     Đã tải 2 người dùng
2026-08-28 01:09:34 - INFO - [2] Khởi tạo MTCNN...
2026-08-28 01:09:34 - INFO -     OK
2026-08-28 01:09:34 - INFO - [3] Khởi tạo FaceNet...
2026-08-28 01:09:35 - INFO -     OK
2026-08-28 01:09:35 - INFO - [4] Khởi tạo Face Matcher...
2026-08-28 01:09:35 - INFO -     OK
2026-08-28 01:09:35 - INFO - [5] Khởi tạo Face Recognizer...
2026-08-28 01:09:35 - INFO - [Recognizer] Khởi tạo với phương pháp: cosine
2026-08-28 01:09:35 - INFO -     OK
2026-08-28 01:09:35 - INFO - [6] Khởi tạo Services...
2026-08-28 01:09:35 - INFO -     Đăng ký      : OK
2026-08-28 01:09:35 - INFO -     Nhận dạng 1:N : OK
2026-08-28 01:09:35 - INFO -     Xác minh 1:1  : OK
2026-08-28 01:09:35 - INFO - [7] Khởi tạo Face API...
2026-08-28 01:09:35 - INFO -     OK
2026-08-28 01:09:35 - INFO - [8] Khởi tạo Database API...
2026-08-28 01:09:35 - INFO -     OK
2026-08-28 01:09:35 - INFO - ============================================================
2026-08-28 01:09:35 - INFO - ✅ KHỞI TẠO HỆ THỐNG THÀNH CÔNG
2026-08-28 01:09:35 - INFO - ============================================================
2026-08-28 01:09:35 - INFO - 🔄 Đang khởi tạo giao diện...
2026-08-28 01:09:35 - INFO - [UI] Bắt đầu khởi tạo MainWindow...
2026-08-28 01:09:35 - INFO - [UI] Đang tạo giao diện...
2026-08-28 01:09:35 - INFO - [UI] Tạo trang đăng ký...
2026-08-28 01:09:35 - INFO - [Registration] Đã khởi tạo (GPU=True)
2026-08-28 01:09:35 - INFO - [UI] Tạo trang nhận dạng...
2026-08-28 01:09:35 - INFO - [Recognition] Đã tìm thấy font: C:/Windows/Fonts/arial.ttf
2026-08-28 01:09:36 - INFO - [Recognition] Đã khởi tạo (GPU=True, FPS=60)
2026-08-28 01:09:36 - INFO - [UI] Tạo trang quản lý...
2026-08-28 01:09:36 - INFO - [Database] Đã tải 2 người dùng
2026-08-28 01:09:36 - INFO - [Database] Đã khởi tạo
2026-08-28 01:09:36 - INFO - [UI] Tạo trang cài đặt...
2026-08-28 01:09:36 - INFO - [Recognition] Active: TẮT
2026-08-28 01:09:38 - INFO - [Registration] Active: BẬT
2026-08-28 01:09:38 - INFO - [UI] Giao diện đã tạo xong
2026-08-28 01:09:38 - INFO - [UI] MainWindow khởi tạo thành công! (FPS=60)
2026-08-28 01:09:39 - INFO - ✅ Giao diện đã hiển thị
2026-08-28 01:09:44 - INFO - [Registration] Active: TẮT
2026-08-28 01:09:44 - INFO - [Recognition] Active: TẮT
2026-08-28 01:09:44 - INFO - [UI] Camera paused
2026-08-28 01:09:44 - INFO - [Database] Đã tải 2 người dùng
2026-08-28 01:09:46 - INFO - [Database] Phát hiện thay đổi, refresh cache...
2026-08-28 01:09:46 - INFO - [Recognizer] Đã làm mới cache
2026-08-28 01:09:46 - INFO - [Database] Cache đã được refresh
2026-08-28 01:09:46 - INFO - [Database] Phát hiện thay đổi, refresh cache...
2026-08-28 01:09:46 - INFO - [Recognizer] Đã làm mới cache
2026-08-28 01:09:46 - INFO - [Database] Cache đã được refresh
2026-08-28 01:09:46 - INFO - [Database] Đã gửi yêu cầu refresh cache
2026-08-28 01:09:46 - INFO - [Database] Đã tải 1 người dùng
2026-08-28 01:09:46 - INFO - [Database] Đã xóa ID 2
2026-08-28 01:09:48 - INFO - [Database] Phát hiện thay đổi, refresh cache...
2026-08-28 01:09:48 - INFO - [Recognizer] Đã làm mới cache
2026-08-28 01:09:48 - INFO - [Database] Cache đã được refresh
2026-08-28 01:09:48 - INFO - [Database] Phát hiện thay đổi, refresh cache...
2026-08-28 01:09:48 - INFO - [Recognizer] Đã làm mới cache
2026-08-28 01:09:48 - INFO - [Database] Cache đã được refresh
2026-08-28 01:09:48 - INFO - [Database] Đã gửi yêu cầu refresh cache
2026-08-28 01:09:48 - INFO - [Database] Đã tải 0 người dùng
2026-08-28 01:09:48 - INFO - [Database] Đã xóa ID 3
2026-08-28 01:09:49 - INFO - [Registration] Active: TẮT
2026-08-28 01:09:49 - INFO - [Recognition] Active: TẮT
2026-08-28 01:09:49 - INFO - [UI] Camera paused
2026-08-28 01:09:50 - INFO - [UI] Đang đóng cửa sổ...
2026-08-28 01:10:14 - INFO - 🔄 Bắt đầu chương trình...
2026-08-28 01:10:14 - INFO - ============================================================
2026-08-28 01:10:14 - INFO - FACESECURE - KHỞI TẠO HỆ THỐNG
2026-08-28 01:10:14 - INFO - ============================================================
2026-08-28 01:10:14 - INFO - [1] Khởi tạo cơ sở dữ liệu...
2026-08-28 01:10:14 - INFO -     Đã tải 0 người dùng
2026-08-28 01:10:14 - INFO - [2] Khởi tạo MTCNN...
2026-08-28 01:10:15 - INFO -     OK
2026-08-28 01:10:15 - INFO - [3] Khởi tạo FaceNet...
2026-08-28 01:10:15 - INFO -     OK
2026-08-28 01:10:15 - INFO - [4] Khởi tạo Face Matcher...
2026-08-28 01:10:15 - INFO -     OK
2026-08-28 01:10:15 - INFO - [5] Khởi tạo Face Recognizer...
2026-08-28 01:10:15 - INFO - [Recognizer] Khởi tạo với phương pháp: cosine
2026-08-28 01:10:15 - INFO -     OK
2026-08-28 01:10:15 - INFO - [6] Khởi tạo Services...
2026-08-28 01:10:15 - INFO -     Đăng ký      : OK
2026-08-28 01:10:15 - INFO -     Nhận dạng 1:N : OK
2026-08-28 01:10:15 - INFO -     Xác minh 1:1  : OK
2026-08-28 01:10:15 - INFO - [7] Khởi tạo Face API...
2026-08-28 01:10:15 - INFO -     OK
2026-08-28 01:10:15 - INFO - [8] Khởi tạo Database API...
2026-08-28 01:10:15 - INFO -     OK
2026-08-28 01:10:15 - INFO - ============================================================
2026-08-28 01:10:15 - INFO - ✅ KHỞI TẠO HỆ THỐNG THÀNH CÔNG
2026-08-28 01:10:15 - INFO - ============================================================
2026-08-28 01:10:15 - INFO - 🔄 Đang khởi tạo giao diện...
2026-08-28 01:10:15 - INFO - [UI] Bắt đầu khởi tạo MainWindow...
2026-08-28 01:10:15 - INFO - [UI] Đang tạo giao diện...
2026-08-28 01:10:15 - INFO - [UI] Tạo trang đăng ký...
2026-08-28 01:10:15 - INFO - [Registration] Đã khởi tạo (GPU=True)
2026-08-28 01:10:15 - INFO - [UI] Tạo trang nhận dạng...
2026-08-28 01:10:15 - INFO - [Recognition] Đã tìm thấy font: C:/Windows/Fonts/arial.ttf
2026-08-28 01:10:16 - INFO - [Recognition] Đã khởi tạo (GPU=True, FPS=60)
2026-08-28 01:10:16 - INFO - [UI] Tạo trang quản lý...
2026-08-28 01:10:16 - INFO - [Database] Đã tải 0 người dùng
2026-08-28 01:10:16 - INFO - [Database] Đã khởi tạo
2026-08-28 01:10:16 - INFO - [UI] Tạo trang cài đặt...
2026-08-28 01:10:16 - INFO - [Recognition] Active: TẮT
2026-08-28 01:10:19 - INFO - [Registration] Active: BẬT
2026-08-28 01:10:19 - INFO - [UI] Giao diện đã tạo xong
2026-08-28 01:10:19 - INFO - [UI] MainWindow khởi tạo thành công! (FPS=60)
2026-08-28 01:10:20 - INFO - ✅ Giao diện đã hiển thị
2026-08-28 01:10:32 - INFO - [Registration] Bắt đầu đăng ký
2026-08-28 01:11:07 - INFO - [Registration] Bắt đầu đăng ký với 20 embedding
2026-08-28 01:11:07 - INFO - [Embedder] ✅ Tạo embedding đại diện từ 20 embedding
2026-08-28 01:11:07 - INFO - [Database] Phát hiện thay đổi, refresh cache...
2026-08-28 01:11:07 - INFO - [Recognizer] Đã làm mới cache
2026-08-28 01:11:07 - INFO - [Database] Cache đã được refresh
2026-08-28 01:11:07 - INFO - [Registration] Đăng ký thành công cho Nguyễn hoàng Anh (ID: 1)
2026-08-28 01:11:07 - INFO -   - Số embedding: 20
2026-08-28 01:11:07 - INFO -   - Norm: 1.0000
2026-08-28 01:11:09 - INFO - [Registration] Đăng ký thành công
2026-08-28 01:11:09 - INFO - [Registration] Đã làm mới form
2026-08-28 01:11:10 - INFO - [Registration] Active: TẮT
2026-08-28 01:11:10 - INFO - [Recognition] Active: BẬT (60fps)
2026-08-28 01:11:12 - INFO - [TTS] Đang phát: nhận diện thành công Nguyễn ho...
2026-08-28 01:11:12 - INFO - [Recognition] Đã phát giọng nói: nhận diện thành công Nguyễn hoàng Anh
2026-08-28 01:11:16 - INFO - [TTS] ✅ Đã phát xong: nhận diện thành công Nguyễn ho...
2026-08-28 01:11:17 - INFO - [TTS] Đang phát: nhận diện thành công Nguyễn ho...
2026-08-28 01:11:17 - INFO - [Recognition] Đã phát giọng nói: nhận diện thành công Nguyễn hoàng Anh
2026-08-28 01:11:20 - INFO - [Recognition] Tắt tự động quét
2026-08-28 01:11:20 - INFO - [TTS] ✅ Đã phát xong: nhận diện thành công Nguyễn ho...
2026-08-28 01:11:21 - INFO - [TTS] Đang phát: nhận diện thành công Nguyễn ho...
2026-08-28 01:11:21 - INFO - [Recognition] Đã phát giọng nói: nhận diện thành công Nguyễn hoàng Anh
2026-08-28 01:11:25 - INFO - [TTS] ✅ Đã phát xong: nhận diện thành công Nguyễn ho...
2026-08-28 01:11:58 - INFO - [Recognition] Active: TẮT
2026-08-28 01:11:58 - INFO - [Registration] Active: BẬT
2026-08-28 01:12:00 - INFO - [Registration] Active: TẮT
2026-08-28 01:12:00 - INFO - [Recognition] Active: TẮT
2026-08-28 01:12:00 - INFO - [UI] Camera paused
2026-08-28 01:12:00 - INFO - [Database] Đã tải 1 người dùng
2026-08-28 01:12:02 - INFO - [Database] Phát hiện thay đổi, refresh cache...
2026-08-28 01:12:02 - INFO - [Recognizer] Đã làm mới cache
2026-08-28 01:12:02 - INFO - [Database] Cache đã được refresh
2026-08-28 01:12:02 - INFO - [Database] Phát hiện thay đổi, refresh cache...
2026-08-28 01:12:02 - INFO - [Recognizer] Đã làm mới cache
2026-08-28 01:12:02 - INFO - [Database] Cache đã được refresh
2026-08-28 01:12:02 - INFO - [Database] Đã gửi yêu cầu refresh cache
2026-08-28 01:12:02 - INFO - [Database] Đã tải 0 người dùng
2026-08-28 01:12:02 - INFO - [Database] Đã xóa ID 1
2026-08-28 01:12:16 - INFO - [Recognition] Active: TẮT
2026-08-28 01:12:16 - INFO - [Registration] Active: BẬT
2026-08-28 01:12:25 - INFO - [Registration] Bắt đầu đăng ký
2026-08-28 01:12:58 - INFO - [Registration] Bắt đầu đăng ký với 20 embedding
2026-08-28 01:12:58 - INFO - [Embedder] ✅ Tạo embedding đại diện từ 20 embedding
2026-08-28 01:12:58 - INFO - [Database] Phát hiện thay đổi, refresh cache...
2026-08-28 01:12:58 - INFO - [Recognizer] Đã làm mới cache
2026-08-28 01:12:58 - INFO - [Database] Cache đã được refresh
2026-08-28 01:12:58 - INFO - [Registration] Đăng ký thành công cho nguyễn hoàng anh (ID: 1)
2026-08-28 01:12:58 - INFO -   - Số embedding: 20
2026-08-28 01:12:58 - INFO -   - Norm: 1.0000
2026-08-28 01:12:59 - INFO - [Registration] Đăng ký thành công
2026-08-28 01:12:59 - INFO - [Registration] Đã làm mới form
2026-08-28 01:13:01 - INFO - [Registration] Active: TẮT
2026-08-28 01:13:01 - INFO - [Recognition] Active: BẬT (60fps)
2026-08-28 01:13:04 - INFO - [Recognition] Bật tự động quét
2026-08-28 01:13:06 - INFO - [TTS] Đang phát: nhận diện thành công nguyễn ho...
2026-08-28 01:13:06 - INFO - [Recognition] Đã phát giọng nói: nhận diện thành công nguyễn hoàng anh
2026-08-28 01:13:10 - INFO - [TTS] Đang phát: nhận diện thành công nguyễn ho...
2026-08-28 01:13:10 - INFO - [Recognition] Đã phát giọng nói: nhận diện thành công nguyễn hoàng anh
2026-08-28 01:13:11 - INFO - [TTS] ✅ Đã phát xong: nhận diện thành công nguyễn ho...
2026-08-28 01:13:14 - INFO - [TTS] Đang phát: nhận diện thành công nguyễn ho...
2026-08-28 01:13:14 - INFO - [Recognition] Đã phát giọng nói: nhận diện thành công nguyễn hoàng anh
2026-08-28 01:13:14 - INFO - [TTS] ✅ Đã phát xong: nhận diện thành công nguyễn ho...
2026-08-28 01:13:14 - INFO - [Recognition] Tắt tự động quét
2026-08-28 01:13:17 - INFO - [TTS] ✅ Đã phát xong: nhận diện thành công nguyễn ho...
2026-08-28 01:13:30 - INFO - [TTS] Đang phát: Xác minh thành công,nguyễn hoà...
2026-08-28 01:13:30 - INFO - [Recognition] Đã phát giọng nói: Xác minh thành công,nguyễn hoàng anh
2026-08-28 01:13:34 - INFO - [TTS] ✅ Đã phát xong: Xác minh thành công,nguyễn hoà...
2026-08-28 01:14:07 - INFO - [TTS] Đang phát: nhận diện thành công nguyễn ho...
2026-08-28 01:14:07 - INFO - [Recognition] Đã phát giọng nói: nhận diện thành công nguyễn hoàng anh
2026-08-28 01:14:11 - INFO - [TTS] ✅ Đã phát xong: nhận diện thành công nguyễn ho...
2026-08-28 01:14:14 - INFO - [Registration] Active: TẮT
2026-08-28 01:14:14 - INFO - [Recognition] Active: TẮT
2026-08-28 01:14:14 - INFO - [UI] Camera paused
2026-08-28 01:14:14 - INFO - [Database] Đã tải 1 người dùng
2026-08-28 01:14:16 - INFO - [Registration] Active: TẮT
2026-08-28 01:14:16 - INFO - [Recognition] Active: BẬT (60fps)
2026-08-28 01:14:17 - INFO - [Registration] Active: TẮT
2026-08-28 01:14:17 - INFO - [Recognition] Active: TẮT
2026-08-28 01:14:17 - INFO - [UI] Camera paused
2026-08-28 01:14:20 - INFO - [UI] Đang đóng cửa sổ...
2026-08-28 11:12:03 - INFO - 🔄 Bắt đầu chương trình...
2026-08-28 11:12:03 - INFO - ============================================================
2026-08-28 11:12:03 - INFO - FACESECURE - KHỞI TẠO HỆ THỐNG
2026-08-28 11:12:03 - INFO - ============================================================
2026-08-28 11:12:03 - INFO - [1] Khởi tạo cơ sở dữ liệu...
2026-08-28 11:12:03 - INFO -     Đã tải 1 người dùng
2026-08-28 11:12:03 - INFO - [2] Khởi tạo MTCNN...
2026-08-28 11:12:04 - INFO -     OK
2026-08-28 11:12:04 - INFO - [3] Khởi tạo FaceNet...
2026-08-28 11:12:04 - INFO -     OK
2026-08-28 11:12:04 - INFO - [4] Khởi tạo Face Matcher...
2026-08-28 11:12:04 - INFO -     OK
2026-08-28 11:12:04 - INFO - [5] Khởi tạo Face Recognizer...
2026-08-28 11:12:04 - INFO - [Recognizer] Khởi tạo với phương pháp: cosine
2026-08-28 11:12:04 - INFO -     OK
2026-08-28 11:12:04 - INFO - [6] Khởi tạo Services...
2026-08-28 11:12:04 - INFO -     Đăng ký      : OK
2026-08-28 11:12:04 - INFO -     Nhận dạng 1:N : OK
2026-08-28 11:12:04 - INFO -     Xác minh 1:1  : OK
2026-08-28 11:12:04 - INFO - [7] Khởi tạo Face API...
2026-08-28 11:12:04 - INFO -     OK
2026-08-28 11:12:04 - INFO - [8] Khởi tạo Database API...
2026-08-28 11:12:04 - INFO -     OK
2026-08-28 11:12:04 - INFO - ============================================================
2026-08-28 11:12:04 - INFO - ✅ KHỞI TẠO HỆ THỐNG THÀNH CÔNG
2026-08-28 11:12:04 - INFO - ============================================================
2026-08-28 11:12:04 - INFO - 🔄 Đang khởi tạo giao diện...
2026-08-28 11:12:04 - INFO - [UI] Bắt đầu khởi tạo MainWindow...
2026-08-28 11:12:04 - INFO - [UI] Đang tạo giao diện...
2026-08-28 11:12:04 - INFO - [UI] Tạo trang đăng ký...
2026-08-28 11:12:04 - INFO - [Registration] Đã khởi tạo (GPU=True)
2026-08-28 11:12:04 - INFO - [UI] Tạo trang nhận dạng...
2026-08-28 11:12:04 - INFO - [Recognition] Đã tìm thấy font: C:/Windows/Fonts/arial.ttf
2026-08-28 11:12:05 - INFO - [Recognition] Đã khởi tạo (GPU=True, FPS=60)
2026-08-28 11:12:05 - INFO - [UI] Tạo trang quản lý...
2026-08-28 11:12:05 - INFO - [Database] Đã tải 1 người dùng
2026-08-28 11:12:05 - INFO - [Database] Đã khởi tạo
2026-08-28 11:12:05 - INFO - [UI] Tạo trang cài đặt...
2026-08-28 11:12:05 - INFO - [Recognition] Active: TẮT
2026-08-28 11:12:05 - ERROR - [Camera] Không thể mở camera 0
2026-08-28 11:12:05 - INFO - [Registration] Active: BẬT
2026-08-28 11:12:05 - INFO - [UI] Giao diện đã tạo xong
2026-08-28 11:12:05 - INFO - [UI] MainWindow khởi tạo thành công! (FPS=60)
2026-08-28 11:12:06 - INFO - ✅ Giao diện đã hiển thị
2026-08-28 11:12:12 - INFO - [Registration] Active: TẮT
2026-08-28 11:12:12 - ERROR - [Camera] Không thể mở camera 0
2026-08-28 11:12:12 - INFO - [Recognition] Active: BẬT (60fps)
2026-08-28 11:12:13 - INFO - [Recognition] Active: TẮT
2026-08-28 11:12:13 - ERROR - [Camera] Không thể mở camera 0
2026-08-28 11:12:13 - INFO - [Registration] Active: BẬT
2026-08-28 11:12:13 - INFO - [Registration] Active: TẮT
2026-08-28 11:12:14 - ERROR - [Camera] Không thể mở camera 0
2026-08-28 11:12:14 - INFO - [Recognition] Active: BẬT (60fps)
2026-08-28 11:12:14 - INFO - [UI] Đang đóng cửa sổ...
2026-08-28 11:55:08 - INFO - 🔄 Bắt đầu chương trình...
2026-08-28 11:55:08 - INFO - ============================================================
2026-08-28 11:55:08 - INFO - FACESECURE - KHỞI TẠO HỆ THỐNG
2026-08-28 11:55:08 - INFO - ============================================================
2026-08-28 11:55:08 - INFO - [1] Khởi tạo cơ sở dữ liệu...
2026-08-28 11:55:08 - INFO -     Đã tải 1 người dùng
2026-08-28 11:55:08 - INFO - [2] Khởi tạo MTCNN...
2026-08-28 11:55:09 - INFO -     OK
2026-08-28 11:55:09 - INFO - [3] Khởi tạo FaceNet...
2026-08-28 11:55:09 - INFO -     OK
2026-08-28 11:55:09 - INFO - [4] Khởi tạo Face Matcher...
2026-08-28 11:55:09 - INFO -     OK
2026-08-28 11:55:09 - INFO - [5] Khởi tạo Face Recognizer...
2026-08-28 11:55:09 - INFO - [Recognizer] Khởi tạo với phương pháp: cosine
2026-08-28 11:55:09 - INFO -     OK
2026-08-28 11:55:09 - INFO - [6] Khởi tạo Services...
2026-08-28 11:55:09 - INFO -     Đăng ký      : OK
2026-08-28 11:55:09 - INFO -     Nhận dạng 1:N : OK
2026-08-28 11:55:09 - INFO -     Xác minh 1:1  : OK
2026-08-28 11:55:09 - INFO - [7] Khởi tạo Face API...
2026-08-28 11:55:09 - INFO -     OK
2026-08-28 11:55:09 - INFO - [8] Khởi tạo Database API...
2026-08-28 11:55:09 - INFO -     OK
2026-08-28 11:55:09 - INFO - ============================================================
2026-08-28 11:55:09 - INFO - ✅ KHỞI TẠO HỆ THỐNG THÀNH CÔNG
2026-08-28 11:55:09 - INFO - ============================================================
2026-08-28 11:55:09 - INFO - 🔄 Đang khởi tạo giao diện...
2026-08-28 11:55:09 - INFO - [UI] Bắt đầu khởi tạo MainWindow...
2026-08-28 11:55:09 - INFO - [UI] Đang tạo giao diện...
2026-08-28 11:55:09 - INFO - [UI] Tạo trang đăng ký...
2026-08-28 11:55:09 - INFO - [Registration] Đã khởi tạo (GPU=True)
2026-08-28 11:55:09 - INFO - [UI] Tạo trang nhận dạng...
2026-08-28 11:55:09 - INFO - [Recognition] Đã tìm thấy font: C:/Windows/Fonts/arial.ttf
2026-08-28 11:55:11 - INFO - [Recognition] Đã khởi tạo (GPU=True, FPS=60)
2026-08-28 11:55:11 - INFO - [UI] Tạo trang quản lý...
2026-08-28 11:55:11 - INFO - [Database] Đã tải 1 người dùng
2026-08-28 11:55:11 - INFO - [Database] Đã khởi tạo
2026-08-28 11:55:11 - INFO - [UI] Tạo trang cài đặt...
2026-08-28 11:55:11 - INFO - [Recognition] Active: TẮT
2026-08-28 11:55:14 - INFO - [Registration] Active: BẬT
2026-08-28 11:55:14 - INFO - [UI] Giao diện đã tạo xong
2026-08-28 11:55:14 - INFO - [UI] MainWindow khởi tạo thành công! (FPS=60)
2026-08-28 11:55:15 - INFO - ✅ Giao diện đã hiển thị
2026-08-28 11:55:21 - INFO - [Registration] Active: TẮT
2026-08-28 11:55:21 - INFO - [Recognition] Active: BẬT (60fps)
2026-08-28 11:55:23 - WARNING - [Embedder] Căn chỉnh nâng cao thất bại, thử cơ bản...
2026-08-28 11:55:23 - INFO - [TTS] Đang phát: nhận diện thành công nguyễn ho...
2026-08-28 11:55:23 - INFO - [Recognition] Đã phát giọng nói: nhận diện thành công nguyễn hoàng anh
2026-08-28 11:55:26 - INFO - [TTS] Đang phát: Người lạ, không xác định...
2026-08-28 11:55:26 - INFO - [Recognition] Đã phát giọng nói: Người lạ, không xác định
2026-08-28 11:55:29 - WARNING - [Embedder] Căn chỉnh nâng cao thất bại, thử cơ bản...
2026-08-28 11:55:29 - INFO - [TTS] ✅ Đã phát xong: Người lạ, không xác định...
2026-08-28 11:55:29 - INFO - [TTS] ✅ Đã phát xong: nhận diện thành công nguyễn ho...
2026-08-28 11:55:29 - INFO - [TTS] Đang phát: Người lạ, không xác định...
2026-08-28 11:55:29 - INFO - [Recognition] Đã phát giọng nói: Người lạ, không xác định
2026-08-28 11:55:30 - ERROR - [TTS] Lỗi: Invalid audio device ID
2026-08-28 11:55:30 - WARNING - [Embedder] Căn chỉnh nâng cao thất bại, thử cơ bản...
2026-08-28 11:55:31 - WARNING - [Embedder] Căn chỉnh nâng cao thất bại, thử cơ bản...
2026-08-28 11:55:32 - INFO - [TTS] Đang phát: nhận diện thành công nguyễn ho...
2026-08-28 11:55:32 - INFO - [Recognition] Đã phát giọng nói: nhận diện thành công nguyễn hoàng anh
2026-08-28 11:55:32 - ERROR - [TTS] Lỗi: Invalid audio device ID
2026-08-28 11:55:33 - WARNING - [Embedder] Căn chỉnh nâng cao thất bại, thử cơ bản...
2026-08-28 11:55:34 - WARNING - [Embedder] Căn chỉnh nâng cao thất bại, thử cơ bản...
2026-08-28 11:55:34 - INFO - [TTS] ✅ Đã phát (pyttsx3): Người lạ, không xác định...
2026-08-28 11:55:35 - WARNING - [Embedder] Căn chỉnh nâng cao thất bại, thử cơ bản...
2026-08-28 11:55:35 - INFO - [TTS] Đang phát: nhận diện thành công nguyễn ho...
2026-08-28 11:55:35 - INFO - [Recognition] Đã phát giọng nói: nhận diện thành công nguyễn hoàng anh
2026-08-28 11:55:36 - ERROR - [TTS] Lỗi: Invalid audio device ID
2026-08-28 11:55:36 - INFO - [TTS] ✅ Đã phát (pyttsx3): nhận diện thành công nguyễn ho...
2026-08-28 11:55:36 - WARNING - [Embedder] Căn chỉnh nâng cao thất bại, thử cơ bản...
2026-08-28 11:55:36 - INFO - [TTS] Đang phát: Người lạ, không xác định...
2026-08-28 11:55:36 - INFO - [Recognition] Đã phát giọng nói: Người lạ, không xác định
2026-08-28 11:55:37 - INFO - [TTS] ✅ Đã phát (SAPI): nhận diện thành công nguyễn ho...
2026-08-28 11:55:37 - ERROR - [TTS] Lỗi: Invalid audio device ID
2026-08-28 11:55:37 - INFO - [Registration] Active: TẮT
2026-08-28 11:55:37 - INFO - [Recognition] Active: TẮT
2026-08-28 11:55:37 - INFO - [UI] Camera paused
2026-08-28 11:55:37 - INFO - [Database] Đã tải 1 người dùng
2026-08-28 11:55:38 - WARNING - [Embedder] Căn chỉnh nâng cao thất bại, thử cơ bản...
2026-08-28 11:55:39 - INFO - [Registration] Active: TẮT
2026-08-28 11:55:39 - INFO - [Recognition] Active: BẬT (60fps)
2026-08-28 11:55:40 - INFO - [TTS] ✅ Đã phát (pyttsx3): Người lạ, không xác định...
2026-08-28 11:56:00 - INFO - [UI] Đang đóng cửa sổ...
2026-08-28 12:13:03 - INFO - 🔄 Bắt đầu chương trình...
2026-08-28 12:13:03 - INFO - ============================================================
2026-08-28 12:13:03 - INFO - FACESECURE - KHỞI TẠO HỆ THỐNG
2026-08-28 12:13:03 - INFO - FACESECURE - KHỞI TẠO HỆ THỐNG
2026-08-28 12:13:03 - INFO - ============================================================
2026-08-28 12:13:03 - INFO - ============================================================
2026-08-28 12:13:03 - INFO - [1] Khởi tạo cơ sở dữ liệu...
2026-08-28 12:13:03 - INFO - [1] Khởi tạo cơ sở dữ liệu...
2026-08-28 12:13:03 - INFO -     Đã tải 1 người dùng
2026-08-28 12:13:03 - INFO -     Đã tải 1 người dùng
2026-08-28 12:13:03 - INFO - [2] Khởi tạo MTCNN...
2026-08-28 12:13:03 - INFO - [2] Khởi tạo MTCNN...
2026-08-28 12:13:03 - INFO -     OK
2026-08-28 12:13:03 - INFO - [3] Khởi tạo FaceNet...
2026-08-28 12:13:03 - INFO -     OK
2026-08-28 12:13:03 - INFO - [3] Khởi tạo FaceNet...
2026-08-28 12:13:04 - INFO -     OK
2026-08-28 12:13:04 - INFO - [4] Khởi tạo Face Matcher...
2026-08-28 12:13:04 - INFO -     OK
2026-08-28 12:13:04 - INFO - [5] Khởi tạo Face Recognizer...
2026-08-28 12:13:04 - INFO - [Recognizer] Khởi tạo với phương pháp: cosine
2026-08-28 12:13:04 - INFO -     OK
2026-08-28 12:13:04 - INFO - [6] Khởi tạo Services...
2026-08-28 12:13:04 - INFO -     Đăng ký      : OK
2026-08-28 12:13:04 - INFO -     Nhận dạng 1:N : OK
2026-08-28 12:13:04 - INFO -     Xác minh 1:1  : OK
2026-08-28 12:13:04 - INFO - [7] Khởi tạo Face API...
2026-08-28 12:13:04 - INFO -     OK
2026-08-28 12:13:04 - INFO - [8] Khởi tạo Database API...
2026-08-28 12:13:04 - INFO -     OK
2026-08-28 12:13:04 - INFO - ============================================================
2026-08-28 12:13:04 - INFO - ✅ KHỞI TẠO HỆ THỐNG THÀNH CÔNG
2026-08-28 12:13:04 - INFO - ============================================================
2026-08-28 12:13:04 - INFO - 🔄 Đang khởi tạo giao diện...
2026-08-28 12:13:04 - INFO -     OK
2026-08-28 12:13:04 - INFO - [4] Khởi tạo Face Matcher...
2026-08-28 12:13:04 - INFO -     OK
2026-08-28 12:13:04 - INFO - [5] Khởi tạo Face Recognizer...
2026-08-28 12:13:04 - INFO - [Recognizer] Khởi tạo với phương pháp: cosine
2026-08-28 12:13:04 - INFO -     OK
2026-08-28 12:13:04 - INFO - [6] Khởi tạo Services...
2026-08-28 12:13:04 - INFO -     Đăng ký      : OK
2026-08-28 12:13:04 - INFO -     Nhận dạng 1:N : OK
2026-08-28 12:13:04 - INFO -     Xác minh 1:1  : OK
2026-08-28 12:13:04 - INFO - [7] Khởi tạo Face API...
2026-08-28 12:13:04 - INFO -     OK
2026-08-28 12:13:04 - INFO - [8] Khởi tạo Database API...
2026-08-28 12:13:04 - INFO -     OK
2026-08-28 12:13:04 - INFO - ============================================================
2026-08-28 12:13:04 - INFO - ✅ KHỞI TẠO HỆ THỐNG THÀNH CÔNG
2026-08-28 12:13:04 - INFO - ============================================================
2026-08-28 12:13:04 - INFO - 🔄 Đang khởi tạo giao diện...
2026-08-28 12:13:04 - INFO - [UI] Bắt đầu khởi tạo MainWindow...
2026-08-28 12:13:04 - INFO - [UI] Đang tạo giao diện...
2026-08-28 12:13:04 - INFO - [UI] Tạo trang đăng ký...
2026-08-28 12:13:04 - INFO - [UI] Tạo trang đăng ký...
2026-08-28 12:13:04 - INFO - [Registration] Đã khởi tạo (GPU=True)
2026-08-28 12:13:04 - INFO - [UI] Tạo trang nhận dạng...
2026-08-28 12:13:04 - INFO - [UI] Tạo trang nhận dạng...
2026-08-28 12:13:04 - INFO - [Recognition] Đã tìm thấy font: C:/Windows/Fonts/arial.ttf
2026-08-28 12:13:04 - INFO - [Recognition] Đã khởi tạo (GPU=True, FPS=60)
2026-08-28 12:13:04 - INFO - [UI] Tạo trang quản lý...
2026-08-28 12:13:04 - INFO - [Recognition] Đã khởi tạo (GPU=True, FPS=60)
2026-08-28 12:13:04 - INFO - [UI] Tạo trang quản lý...
2026-08-28 12:13:04 - INFO - [Database] Đã tải 1 người dùng
2026-08-28 12:13:04 - INFO - [Database] Đã tải 1 người dùng
2026-08-28 12:13:04 - INFO - [Database] Đã khởi tạo
2026-08-28 12:13:04 - INFO - [UI] Tạo trang cài đặt...
2026-08-28 12:13:04 - INFO - [Database] Đã khởi tạo
2026-08-28 12:13:04 - INFO - [UI] Tạo trang cài đặt...
2026-08-28 12:13:04 - INFO - [Recognition] Active: TẮT
2026-08-28 12:13:04 - INFO - [Recognition] Active: TẮT
2026-08-28 12:13:05 - ERROR - [Camera] Không thể mở camera 0
2026-08-28 12:13:05 - INFO - [Registration] Active: BẬT
2026-08-28 12:13:05 - INFO - [UI] Giao diện đã tạo xong
2026-08-28 12:13:05 - INFO - [UI] Giao diện đã tạo xong
2026-08-28 12:13:05 - INFO - [UI] MainWindow khởi tạo thành công! (FPS=60)
2026-08-28 12:13:05 - INFO - [UI] MainWindow khởi tạo thành công! (FPS=60)
2026-08-28 12:13:06 - INFO - ✅ Giao diện đã hiển thị
2026-08-28 12:13:06 - INFO - ✅ Giao diện đã hiển thị
2026-08-28 12:13:12 - INFO - [Registration] Active: TẮT
2026-08-28 12:13:12 - ERROR - [Camera] Không thể mở camera 0
2026-08-28 12:13:12 - INFO - [Recognition] Active: BẬT (60fps)
2026-08-28 12:13:12 - INFO - [Recognition] Active: TẮT
2026-08-28 12:13:12 - ERROR - [Camera] Không thể mở camera 0
2026-08-28 12:13:12 - INFO - [Registration] Active: BẬT
2026-08-28 12:13:15 - INFO - [Registration] Active: TẮT
2026-08-28 12:13:15 - ERROR - [Camera] Không thể mở camera 0
2026-08-28 12:13:15 - INFO - [Recognition] Active: BẬT (60fps)
2026-08-28 12:13:15 - INFO - [Registration] Active: TẮT
2026-08-28 12:13:15 - INFO - [Recognition] Active: TẮT
2026-08-28 12:13:15 - INFO - [UI] Camera paused
2026-08-28 12:13:15 - INFO - [Database] Đã tải 1 người dùng
2026-08-28 12:13:16 - INFO - [Registration] Active: TẮT
2026-08-28 12:13:16 - INFO - [Recognition] Active: TẮT
2026-08-28 12:13:16 - INFO - [UI] Camera paused
2026-08-28 12:13:16 - INFO - [Registration] Active: TẮT
2026-08-28 12:13:16 - INFO - [Recognition] Active: TẮT
2026-08-28 12:13:16 - INFO - [UI] Camera paused
2026-08-28 12:13:16 - INFO - [Database] Đã tải 1 người dùng
2026-08-28 12:13:17 - INFO - [Registration] Active: TẮT
2026-08-28 12:13:17 - ERROR - [Camera] Không thể mở camera 0
2026-08-28 12:13:17 - INFO - [Recognition] Active: BẬT (60fps)
2026-08-28 12:13:38 - INFO - [Registration] Active: TẮT
2026-08-28 12:13:38 - ERROR - [Camera] Không thể mở camera 0
2026-08-28 12:13:38 - INFO - [Recognition] Active: BẬT (60fps)
2026-08-28 12:13:38 - INFO - [Recognition] Active: TẮT
2026-08-28 12:13:38 - ERROR - [Camera] Không thể mở camera 0
2026-08-28 12:13:38 - INFO - [Registration] Active: BẬT
2026-08-28 12:13:39 - INFO - [Registration] Active: TẮT
2026-08-28 12:13:39 - INFO - [Recognition] Active: TẮT
2026-08-28 12:13:39 - INFO - [UI] Camera paused
2026-08-28 12:13:39 - INFO - [Database] Đã tải 1 người dùng
2026-08-28 12:13:40 - INFO - [Recognition] Active: TẮT
2026-08-28 12:13:40 - ERROR - [Camera] Không thể mở camera 0
2026-08-28 12:13:40 - INFO - [Registration] Active: BẬT
2026-08-28 12:13:45 - INFO - [UI] Đang đóng cửa sổ...
2026-08-28 12:13:46 - INFO - [UI] Đang đóng cửa sổ...
2026-08-28 12:14:58 - INFO - 🔄 Bắt đầu chương trình...
2026-08-28 12:14:58 - INFO - ============================================================
2026-08-28 12:14:58 - INFO - FACESECURE - KHỞI TẠO HỆ THỐNG
2026-08-28 12:14:58 - INFO - ============================================================
2026-08-28 12:14:58 - INFO - [1] Khởi tạo cơ sở dữ liệu...
2026-08-28 12:14:58 - INFO -     Đã tải 1 người dùng
2026-08-28 12:14:58 - INFO - [2] Khởi tạo MTCNN...
2026-08-28 12:14:58 - INFO -     OK
2026-08-28 12:14:58 - INFO - [3] Khởi tạo FaceNet...
2026-08-28 12:14:58 - INFO -     OK
2026-08-28 12:14:58 - INFO - [4] Khởi tạo Face Matcher...
2026-08-28 12:14:58 - INFO -     OK
2026-08-28 12:14:58 - INFO - [5] Khởi tạo Face Recognizer...
2026-08-28 12:14:58 - INFO - [Recognizer] Khởi tạo với phương pháp: cosine
2026-08-28 12:14:58 - INFO -     OK
2026-08-28 12:14:58 - INFO - [6] Khởi tạo Services...
2026-08-28 12:14:58 - INFO -     Đăng ký      : OK
2026-08-28 12:14:58 - INFO -     Nhận dạng 1:N : OK
2026-08-28 12:14:58 - INFO -     Xác minh 1:1  : OK
2026-08-28 12:14:58 - INFO - [7] Khởi tạo Face API...
2026-08-28 12:14:58 - INFO -     OK
2026-08-28 12:14:58 - INFO - [8] Khởi tạo Database API...
2026-08-28 12:14:58 - INFO -     OK
2026-08-28 12:14:58 - INFO - ============================================================
2026-08-28 12:14:58 - INFO - ✅ KHỞI TẠO HỆ THỐNG THÀNH CÔNG
2026-08-28 12:14:58 - INFO - ============================================================
2026-08-28 12:14:58 - INFO - 🔄 Đang khởi tạo giao diện...
2026-08-28 12:14:58 - INFO - [UI] Bắt đầu khởi tạo MainWindow...
2026-08-28 12:14:58 - INFO - [UI] Đang tạo giao diện...
2026-08-28 12:14:58 - INFO - [UI] Tạo trang đăng ký...
2026-08-28 12:14:58 - INFO - [Registration] Đã khởi tạo (GPU=True)
2026-08-28 12:14:58 - INFO - [UI] Tạo trang nhận dạng...
2026-08-28 12:14:58 - INFO - [Recognition] Đã tìm thấy font: C:/Windows/Fonts/arial.ttf
2026-08-28 12:14:59 - INFO - [Recognition] Đã khởi tạo (GPU=True, FPS=60)
2026-08-28 12:14:59 - INFO - [UI] Tạo trang quản lý...
2026-08-28 12:14:59 - INFO - [Database] Đã tải 1 người dùng
2026-08-28 12:14:59 - INFO - [Database] Đã khởi tạo
2026-08-28 12:14:59 - INFO - [UI] Tạo trang cài đặt...
2026-08-28 12:15:00 - INFO - [Recognition] Active: TẮT
2026-08-28 12:15:00 - ERROR - [Camera] Không thể mở camera 0
2026-08-28 12:15:00 - INFO - [Registration] Active: BẬT
2026-08-28 12:15:00 - INFO - [UI] Giao diện đã tạo xong
2026-08-28 12:15:00 - INFO - [UI] MainWindow khởi tạo thành công! (FPS=60)
2026-08-28 12:15:01 - INFO - ✅ Giao diện đã hiển thị
2026-08-28 12:15:04 - INFO - [Registration] Active: TẮT
2026-08-28 12:15:04 - ERROR - [Camera] Không thể mở camera 0
2026-08-28 12:15:04 - INFO - [Recognition] Active: BẬT (60fps)
2026-08-28 12:15:05 - INFO - [Recognition] Active: TẮT
2026-08-28 12:15:05 - ERROR - [Camera] Không thể mở camera 0
2026-08-28 12:15:05 - INFO - [Registration] Active: BẬT
2026-08-28 12:15:06 - INFO - [Registration] Active: TẮT
2026-08-28 12:15:06 - ERROR - [Camera] Không thể mở camera 0
2026-08-28 12:15:06 - INFO - [Recognition] Active: BẬT (60fps)
2026-08-28 12:15:06 - INFO - [Registration] Active: TẮT
2026-08-28 12:15:06 - INFO - [Recognition] Active: TẮT
2026-08-28 12:15:06 - INFO - [UI] Camera paused
2026-08-28 12:15:06 - INFO - [Registration] Active: TẮT
2026-08-28 12:15:06 - INFO - [Recognition] Active: TẮT
2026-08-28 12:15:06 - INFO - [UI] Camera paused
2026-08-28 12:15:06 - INFO - [Database] Đã tải 1 người dùng
2026-08-28 12:15:07 - INFO - [Registration] Active: TẮT
2026-08-28 12:15:07 - ERROR - [Camera] Không thể mở camera 0
2026-08-28 12:15:07 - INFO - [Recognition] Active: BẬT (60fps)
2026-08-28 12:15:07 - INFO - [Registration] Active: TẮT
2026-08-28 12:15:08 - ERROR - [Camera] Không thể mở camera 0
2026-08-28 12:15:08 - INFO - [Recognition] Active: BẬT (60fps)
2026-08-28 12:17:26 - INFO - [UI] Đang đóng cửa sổ...
2026-08-28 12:18:58 - INFO - 🔄 Bắt đầu chương trình...
2026-08-28 12:18:58 - INFO - ============================================================
2026-08-28 12:18:58 - INFO - FACESECURE - KHỞI TẠO HỆ THỐNG
2026-08-28 12:18:58 - INFO - ============================================================
2026-08-28 12:18:58 - INFO - [1] Khởi tạo cơ sở dữ liệu...
2026-08-28 12:18:58 - INFO -     Đã tải 1 người dùng
2026-08-28 12:18:58 - INFO - [2] Khởi tạo MTCNN...
2026-08-28 12:18:58 - INFO -     OK
2026-08-28 12:18:58 - INFO - [3] Khởi tạo FaceNet...
2026-08-28 12:18:59 - INFO -     OK
2026-08-28 12:18:59 - INFO - [4] Khởi tạo Face Matcher...
2026-08-28 12:18:59 - INFO -     OK
2026-08-28 12:18:59 - INFO - [5] Khởi tạo Face Recognizer...
2026-08-28 12:18:59 - INFO - [Recognizer] Khởi tạo với phương pháp: cosine
2026-08-28 12:18:59 - INFO -     OK
2026-08-28 12:18:59 - INFO - [6] Khởi tạo Services...
2026-08-28 12:18:59 - INFO -     Đăng ký      : OK
2026-08-28 12:18:59 - INFO -     Nhận dạng 1:N : OK
2026-08-28 12:18:59 - INFO -     Xác minh 1:1  : OK
2026-08-28 12:18:59 - INFO - [7] Khởi tạo Face API...
2026-08-28 12:18:59 - INFO -     OK
2026-08-28 12:18:59 - INFO - [8] Khởi tạo Database API...
2026-08-28 12:18:59 - INFO -     OK
2026-08-28 12:18:59 - INFO - ============================================================
2026-08-28 12:18:59 - INFO - ✅ KHỞI TẠO HỆ THỐNG THÀNH CÔNG
2026-08-28 12:18:59 - INFO - ============================================================
2026-08-28 12:18:59 - INFO - 🔄 Đang khởi tạo giao diện...
2026-08-28 12:18:59 - INFO - [UI] Bắt đầu khởi tạo MainWindow...
2026-08-28 12:18:59 - INFO - [UI] Đang tạo giao diện...
2026-08-28 12:18:59 - INFO - [UI] Tạo trang đăng ký...
2026-08-28 12:18:59 - INFO - [Registration] Đã khởi tạo (GPU=True)
2026-08-28 12:18:59 - INFO - [UI] Tạo trang nhận dạng...
2026-08-28 12:18:59 - INFO - [Recognition] Đã tìm thấy font: C:/Windows/Fonts/arial.ttf
2026-08-28 12:18:59 - INFO - [Recognition] Đã khởi tạo (GPU=True, FPS=60)
2026-08-28 12:18:59 - INFO - [UI] Tạo trang quản lý...
2026-08-28 12:18:59 - INFO - [Database] Đã tải 1 người dùng
2026-08-28 12:18:59 - INFO - [Database] Đã khởi tạo
2026-08-28 12:18:59 - INFO - [UI] Tạo trang cài đặt...
2026-08-28 12:19:00 - INFO - [Recognition] Active: TẮT
2026-08-28 12:19:01 - INFO - [Registration] Active: BẬT
2026-08-28 12:19:01 - INFO - [UI] Giao diện đã tạo xong
2026-08-28 12:19:01 - INFO - [UI] MainWindow khởi tạo thành công! (FPS=60)
2026-08-28 12:19:02 - INFO - ✅ Giao diện đã hiển thị
2026-08-28 12:19:04 - INFO - [Registration] Active: TẮT
2026-08-28 12:19:04 - INFO - [Recognition] Active: BẬT (60fps)
2026-08-28 12:19:15 - INFO - [TTS] Đang phát: Người lạ, không xác định...
2026-08-28 12:19:15 - INFO - [Recognition] Đã phát giọng nói: Người lạ, không xác định
2026-08-28 12:19:19 - INFO - [TTS] ✅ Đã phát xong: Người lạ, không xác định...
2026-08-28 12:19:20 - INFO - [TTS] Đang phát: Người lạ, không xác định...
2026-08-28 12:19:20 - INFO - [Recognition] Đã phát giọng nói: Người lạ, không xác định
2026-08-28 12:19:23 - INFO - [TTS] ✅ Đã phát xong: Người lạ, không xác định...
2026-08-28 12:19:24 - INFO - [TTS] Đang phát: Người lạ, không xác định...
2026-08-28 12:19:24 - INFO - [Recognition] Đã phát giọng nói: Người lạ, không xác định
2026-08-28 12:19:27 - INFO - [TTS] ✅ Đã phát xong: Người lạ, không xác định...
2026-08-28 12:19:28 - INFO - [TTS] Đang phát: Người lạ, không xác định...
2026-08-28 12:19:28 - INFO - [Recognition] Đã phát giọng nói: Người lạ, không xác định
2026-08-28 12:19:31 - INFO - [TTS] ✅ Đã phát xong: Người lạ, không xác định...
2026-08-28 12:19:31 - INFO - [TTS] Đang phát: Người lạ, không xác định...
2026-08-28 12:19:31 - INFO - [Recognition] Đã phát giọng nói: Người lạ, không xác định
2026-08-28 12:19:34 - INFO - [TTS] ✅ Đã phát xong: Người lạ, không xác định...
2026-08-28 12:19:35 - INFO - [TTS] Đang phát: nhận diện thành công nguyễn ho...
2026-08-28 12:19:35 - INFO - [Recognition] Đã phát giọng nói: nhận diện thành công nguyễn hoàng anh
2026-08-28 12:19:39 - INFO - [TTS] ✅ Đã phát xong: nhận diện thành công nguyễn ho...
2026-08-28 12:19:41 - WARNING - [Embedder] Căn chỉnh nâng cao thất bại, thử cơ bản...
2026-08-28 12:19:41 - INFO - [TTS] Đang phát: Người lạ, không xác định...
2026-08-28 12:19:41 - INFO - [Recognition] Đã phát giọng nói: Người lạ, không xác định
2026-08-28 12:19:44 - INFO - [TTS] ✅ Đã phát xong: Người lạ, không xác định...
2026-08-28 12:19:45 - INFO - [TTS] Đang phát: Người lạ, không xác định...
2026-08-28 12:19:45 - INFO - [Recognition] Đã phát giọng nói: Người lạ, không xác định
2026-08-28 12:19:49 - INFO - [TTS] ✅ Đã phát xong: Người lạ, không xác định...
2026-08-28 12:19:50 - INFO - [TTS] Đang phát: Người lạ, không xác định...
2026-08-28 12:19:50 - INFO - [Recognition] Đã phát giọng nói: Người lạ, không xác định
2026-08-28 12:19:53 - INFO - [TTS] ✅ Đã phát xong: Người lạ, không xác định...
2026-08-28 12:19:55 - INFO - [TTS] Đang phát: Người lạ, không xác định...
2026-08-28 12:19:55 - INFO - [Recognition] Đã phát giọng nói: Người lạ, không xác định
2026-08-28 12:19:58 - INFO - [TTS] ✅ Đã phát xong: Người lạ, không xác định...
2026-08-28 12:19:59 - INFO - [TTS] Đang phát: Người lạ, không xác định...
2026-08-28 12:19:59 - INFO - [Recognition] Đã phát giọng nói: Người lạ, không xác định
2026-08-28 12:20:00 - INFO - [Recognition] Active: TẮT
2026-08-28 12:20:00 - INFO - [Registration] Active: BẬT
2026-08-28 12:20:03 - INFO - [TTS] ✅ Đã phát xong: Người lạ, không xác định...
2026-08-28 12:20:06 - INFO - [Registration] Active: TẮT
2026-08-28 12:20:06 - INFO - [Recognition] Active: TẮT
2026-08-28 12:20:06 - INFO - [UI] Camera paused
2026-08-28 12:20:06 - INFO - [Database] Đã tải 1 người dùng
2026-08-28 12:20:09 - INFO - [Database] Phát hiện thay đổi, refresh cache...
2026-08-28 12:20:09 - INFO - [Recognizer] Đã làm mới cache
2026-08-28 12:20:09 - INFO - [Database] Cache đã được refresh
2026-08-28 12:20:09 - INFO - [Database] Phát hiện thay đổi, refresh cache...
2026-08-28 12:20:09 - INFO - [Recognizer] Đã làm mới cache
2026-08-28 12:20:09 - INFO - [Database] Cache đã được refresh
2026-08-28 12:20:09 - INFO - [Database] Đã gửi yêu cầu refresh cache
2026-08-28 12:20:09 - INFO - [Database] Đã tải 0 người dùng
2026-08-28 12:20:09 - INFO - [Database] Đã xóa ID 1
2026-08-28 12:20:09 - INFO - [Recognition] Active: TẮT
2026-08-28 12:20:09 - INFO - [Registration] Active: BẬT
2026-08-28 12:20:23 - INFO - [Registration] Bắt đầu đăng ký
2026-08-28 12:20:55 - WARNING - [Embedder] Căn chỉnh nâng cao thất bại, thử cơ bản...
2026-08-28 12:21:34 - WARNING - [Embedder] Căn chỉnh nâng cao thất bại, thử cơ bản...
2026-08-28 12:21:34 - INFO - [Registration] Bắt đầu đăng ký với 20 embedding
2026-08-28 12:21:34 - INFO - [Embedder] ✅ Tạo embedding đại diện từ 20 embedding
2026-08-28 12:21:34 - INFO - [Database] Phát hiện thay đổi, refresh cache...
2026-08-28 12:21:34 - INFO - [Recognizer] Đã làm mới cache
2026-08-28 12:21:34 - INFO - [Database] Cache đã được refresh
2026-08-28 12:21:34 - INFO - [Registration] Đăng ký thành công cho nguyễn hoàng anh (ID: 1)
2026-08-28 12:21:34 - INFO -   - Số embedding: 20
2026-08-28 12:21:34 - INFO -   - Norm: 1.0000
2026-08-28 12:21:36 - INFO - [Registration] Đăng ký thành công
2026-08-28 12:21:36 - INFO - [Registration] Đã làm mới form
2026-08-28 12:21:40 - INFO - [Registration] Active: TẮT
2026-08-28 12:21:40 - INFO - [Recognition] Active: BẬT (60fps)
2026-08-28 12:21:51 - INFO - [Registration] Active: TẮT
2026-08-28 12:21:51 - INFO - [Recognition] Active: TẮT
2026-08-28 12:21:51 - INFO - [UI] Camera paused
2026-08-28 12:21:51 - INFO - [Database] Đã tải 1 người dùng
2026-08-28 12:21:52 - INFO - [Registration] Active: TẮT
2026-08-28 12:21:52 - INFO - [Recognition] Active: BẬT (60fps)
2026-08-28 12:22:13 - INFO - [Recognition] Tắt tự động quét
2026-08-28 12:22:24 - INFO - [TTS] Đang phát: Xác minh thành công,nguyễn hoà...
2026-08-28 12:22:24 - INFO - [Recognition] Đã phát giọng nói: Xác minh thành công,nguyễn hoàng anh
2026-08-28 12:22:28 - INFO - [TTS] ✅ Đã phát xong: Xác minh thành công,nguyễn hoà...
2026-08-28 12:22:45 - INFO - [Recognition] Bật tự động quét
2026-08-28 12:22:53 - INFO - [TTS] Đang phát: nhận diện thành công nguyễn ho...
2026-08-28 12:22:53 - INFO - [Recognition] Đã phát giọng nói: nhận diện thành công nguyễn hoàng anh
2026-08-28 12:22:57 - INFO - [TTS] ✅ Đã phát xong: nhận diện thành công nguyễn ho...
2026-08-28 12:22:57 - INFO - [TTS] Đang phát: nhận diện thành công nguyễn ho...
2026-08-28 12:22:57 - INFO - [Recognition] Đã phát giọng nói: nhận diện thành công nguyễn hoàng anh
2026-08-28 12:23:01 - INFO - [TTS] ✅ Đã phát xong: nhận diện thành công nguyễn ho...
2026-08-28 12:23:01 - INFO - [TTS] Đang phát: nhận diện thành công nguyễn ho...
2026-08-28 12:23:01 - INFO - [Recognition] Đã phát giọng nói: nhận diện thành công nguyễn hoàng anh
2026-08-28 12:23:04 - INFO - [TTS] Đang phát: nhận diện thành công nguyễn ho...
2026-08-28 12:23:04 - INFO - [Recognition] Đã phát giọng nói: nhận diện thành công nguyễn hoàng anh
2026-08-28 12:23:04 - INFO - [TTS] ✅ Đã phát xong: nhận diện thành công nguyễn ho...
2026-08-28 12:23:08 - INFO - [TTS] Đang phát: nhận diện thành công nguyễn ho...
2026-08-28 12:23:08 - INFO - [Recognition] Đã phát giọng nói: nhận diện thành công nguyễn hoàng anh
2026-08-28 12:23:08 - INFO - [TTS] ✅ Đã phát xong: nhận diện thành công nguyễn ho...
2026-08-28 12:23:11 - INFO - [TTS] ✅ Đã phát xong: nhận diện thành công nguyễn ho...
2026-08-28 12:23:14 - INFO - [TTS] Đang phát: nhận diện thành công nguyễn ho...
2026-08-28 12:23:14 - INFO - [Recognition] Đã phát giọng nói: nhận diện thành công nguyễn hoàng anh
2026-08-28 12:23:17 - WARNING - [Embedder] Căn chỉnh nâng cao thất bại, thử cơ bản...
2026-08-28 12:23:17 - INFO - [TTS] Đang phát: Người lạ, không xác định...
2026-08-28 12:23:17 - INFO - [Recognition] Đã phát giọng nói: Người lạ, không xác định
2026-08-28 12:23:17 - INFO - [TTS] ✅ Đã phát xong: nhận diện thành công nguyễn ho...
2026-08-28 12:23:20 - INFO - [TTS] ✅ Đã phát xong: Người lạ, không xác định...
2026-08-28 12:23:21 - INFO - [TTS] Đang phát: Người lạ, không xác định...
2026-08-28 12:23:21 - INFO - [Recognition] Đã phát giọng nói: Người lạ, không xác định
2026-08-28 12:23:23 - INFO - [TTS] ✅ Đã phát xong: Người lạ, không xác định...
2026-08-28 12:23:25 - INFO - [TTS] Đang phát: nhận diện thành công nguyễn ho...
2026-08-28 12:23:25 - INFO - [Recognition] Đã phát giọng nói: nhận diện thành công nguyễn hoàng anh
2026-08-28 12:23:28 - INFO - [TTS] ✅ Đã phát xong: nhận diện thành công nguyễn ho...
2026-08-28 12:23:28 - WARNING - [Embedder] Căn chỉnh nâng cao thất bại, thử cơ bản...
2026-08-28 12:23:29 - INFO - [TTS] Đang phát: nhận diện thành công nguyễn ho...
2026-08-28 12:23:29 - INFO - [Recognition] Đã phát giọng nói: nhận diện thành công nguyễn hoàng anh
2026-08-28 12:23:32 - INFO - [TTS] ✅ Đã phát xong: nhận diện thành công nguyễn ho...
2026-08-28 12:23:32 - INFO - [TTS] Đang phát: Người lạ, không xác định...
2026-08-28 12:23:32 - INFO - [Recognition] Đã phát giọng nói: Người lạ, không xác định
2026-08-28 12:23:35 - INFO - [TTS] ✅ Đã phát xong: Người lạ, không xác định...
2026-08-28 12:23:35 - INFO - [TTS] Đang phát: nhận diện thành công nguyễn ho...
2026-08-28 12:23:35 - INFO - [Recognition] Đã phát giọng nói: nhận diện thành công nguyễn hoàng anh
2026-08-28 12:23:38 - WARNING - [Embedder] Căn chỉnh nâng cao thất bại, thử cơ bản...
2026-08-28 12:23:39 - INFO - [TTS] Đang phát: Người lạ, không xác định...
2026-08-28 12:23:39 - INFO - [Recognition] Đã phát giọng nói: Người lạ, không xác định
2026-08-28 12:23:39 - INFO - [TTS] ✅ Đã phát xong: nhận diện thành công nguyễn ho...
2026-08-28 12:23:42 - INFO - [TTS] ✅ Đã phát xong: Người lạ, không xác định...
2026-08-28 12:23:42 - INFO - [TTS] Đang phát: nhận diện thành công nguyễn ho...
2026-08-28 12:23:42 - INFO - [Recognition] Đã phát giọng nói: nhận diện thành công nguyễn hoàng anh
2026-08-28 12:23:46 - INFO - [TTS] ✅ Đã phát xong: nhận diện thành công nguyễn ho...
2026-08-28 12:23:50 - INFO - [TTS] Đang phát: nhận diện thành công nguyễn ho...
2026-08-28 12:23:50 - INFO - [Recognition] Đã phát giọng nói: nhận diện thành công nguyễn hoàng anh
2026-08-28 12:23:53 - INFO - [TTS] ✅ Đã phát xong: nhận diện thành công nguyễn ho...
2026-08-28 12:23:54 - INFO - [TTS] Đang phát: nhận diện thành công nguyễn ho...
2026-08-28 12:23:54 - INFO - [Recognition] Đã phát giọng nói: nhận diện thành công nguyễn hoàng anh
2026-08-28 12:23:57 - INFO - [TTS] ✅ Đã phát xong: nhận diện thành công nguyễn ho...
2026-08-28 12:23:58 - INFO - [TTS] Đang phát: nhận diện thành công nguyễn ho...
2026-08-28 12:23:58 - INFO - [Recognition] Đã phát giọng nói: nhận diện thành công nguyễn hoàng anh
2026-08-28 12:24:00 - WARNING - [Embedder] Căn chỉnh nâng cao thất bại, thử cơ bản...
2026-08-28 12:24:00 - WARNING - [Embedder] ❌ Không thể căn chỉnh khuôn mặt
2026-08-28 12:24:01 - INFO - [TTS] ✅ Đã phát xong: nhận diện thành công nguyễn ho...
2026-08-28 12:24:02 - WARNING - [Embedder] Căn chỉnh nâng cao thất bại, thử cơ bản...
2026-08-28 12:24:02 - INFO - [TTS] Đang phát: nhận diện thành công nguyễn ho...
2026-08-28 12:24:02 - INFO - [Recognition] Đã phát giọng nói: nhận diện thành công nguyễn hoàng anh
2026-08-28 12:24:04 - INFO - [Recognition] Active: TẮT
2026-08-28 12:24:04 - INFO - [Registration] Active: BẬT
2026-08-28 12:24:04 - WARNING - [Embedder] Căn chỉnh nâng cao thất bại, thử cơ bản...
2026-08-28 12:24:06 - INFO - [TTS] ✅ Đã phát xong: nhận diện thành công nguyễn ho...
2026-08-28 12:25:28 - INFO - [Registration] Active: TẮT
2026-08-28 12:25:28 - INFO - [Recognition] Active: BẬT (60fps)
2026-08-28 12:25:38 - INFO - [Recognition] Tắt tự động quét
2026-08-28 12:25:47 - INFO - [TTS] Đang phát: Xác minh thành công,nguyễn hoà...
2026-08-28 12:25:47 - INFO - [Recognition] Đã phát giọng nói: Xác minh thành công,nguyễn hoàng anh
2026-08-28 12:25:47 - ERROR - [TTS] Lỗi: Failed to connect. Probable cause: Unknown
2026-08-28 12:25:51 - INFO - [TTS] ✅ Đã phát (pyttsx3): Xác minh thành công,nguyễn hoà...
2026-08-28 12:25:57 - INFO - [TTS] Đang phát: Xác minh thành công,nguyễn hoà...
2026-08-28 12:25:57 - INFO - [Recognition] Đã phát giọng nói: Xác minh thành công,nguyễn hoàng anh
2026-08-28 12:25:57 - ERROR - [TTS] Lỗi: Failed to connect. Probable cause: Unknown
2026-08-28 12:26:01 - INFO - [TTS] ✅ Đã phát (pyttsx3): Xác minh thành công,nguyễn hoà...
2026-08-28 12:26:18 - INFO - [TTS] Đang phát: Xác minh thành công,nguyễn hoà...
2026-08-28 12:26:18 - INFO - [Recognition] Đã phát giọng nói: Xác minh thành công,nguyễn hoàng anh
2026-08-28 12:26:23 - INFO - [TTS] ✅ Đã phát xong: Xác minh thành công,nguyễn hoà...
2026-08-28 12:26:25 - INFO - [Recognition] Bật tự động quét
2026-08-28 12:26:28 - INFO - [TTS] Đang phát: nhận diện thành công nguyễn ho...
2026-08-28 12:26:28 - INFO - [Recognition] Đã phát giọng nói: nhận diện thành công nguyễn hoàng anh
2026-08-28 12:26:32 - INFO - [TTS] Đang phát: nhận diện thành công nguyễn ho...
2026-08-28 12:26:32 - INFO - [Recognition] Đã phát giọng nói: nhận diện thành công nguyễn hoàng anh
2026-08-28 12:26:32 - INFO - [TTS] ✅ Đã phát xong: nhận diện thành công nguyễn ho...
2026-08-28 12:26:35 - INFO - [TTS] ✅ Đã phát xong: nhận diện thành công nguyễn ho...
2026-08-28 12:26:35 - INFO - [TTS] Đang phát: nhận diện thành công nguyễn ho...
2026-08-28 12:26:35 - INFO - [Recognition] Đã phát giọng nói: nhận diện thành công nguyễn hoàng anh
2026-08-28 12:26:39 - INFO - [TTS] Đang phát: nhận diện thành công nguyễn ho...
2026-08-28 12:26:39 - INFO - [Recognition] Đã phát giọng nói: nhận diện thành công nguyễn hoàng anh
2026-08-28 12:26:39 - INFO - [TTS] ✅ Đã phát xong: nhận diện thành công nguyễn ho...
2026-08-28 12:26:42 - INFO - [TTS] Đang phát: nhận diện thành công nguyễn ho...
2026-08-28 12:26:42 - INFO - [Recognition] Đã phát giọng nói: nhận diện thành công nguyễn hoàng anh
2026-08-28 12:26:45 - INFO - [TTS] ✅ Đã phát xong: nhận diện thành công nguyễn ho...
2026-08-28 12:26:45 - ERROR - [TTS] Lỗi: mixer not initialized
2026-08-28 12:26:48 - INFO - [TTS] ✅ Đã phát (pyttsx3): nhận diện thành công nguyễn ho...
2026-08-28 12:26:49 - INFO - [Registration] Active: TẮT
2026-08-28 12:26:49 - INFO - [Recognition] Active: TẮT
2026-08-28 12:26:49 - INFO - [UI] Camera paused
2026-08-28 12:26:49 - INFO - [Database] Đã tải 1 người dùng
2026-08-28 12:26:49 - INFO - [Registration] Active: TẮT
2026-08-28 12:26:49 - INFO - [Recognition] Active: BẬT (60fps)
2026-08-28 12:26:51 - INFO - [UI] Đang đóng cửa sổ...
2026-08-28 12:36:52 - INFO - 🔄 Bắt đầu chương trình...
2026-08-28 12:36:52 - INFO - ============================================================
2026-08-28 12:36:52 - INFO - FACESECURE - KHỞI TẠO HỆ THỐNG
2026-08-28 12:36:52 - INFO - ============================================================
2026-08-28 12:36:52 - INFO - [1] Khởi tạo cơ sở dữ liệu...
2026-08-28 12:36:52 - INFO -     Đã tải 1 người dùng
2026-08-28 12:36:52 - INFO - [2] Khởi tạo MTCNN...
2026-08-28 12:36:53 - INFO -     OK
2026-08-28 12:36:53 - INFO - [3] Khởi tạo FaceNet...
2026-08-28 12:36:53 - INFO -     OK
2026-08-28 12:36:53 - INFO - [4] Khởi tạo Face Matcher...
2026-08-28 12:36:53 - INFO -     OK
2026-08-28 12:36:53 - INFO - [5] Khởi tạo Face Recognizer...
2026-08-28 12:36:53 - INFO - [Recognizer] Khởi tạo với phương pháp: cosine
2026-08-28 12:36:53 - INFO -     OK
2026-08-28 12:36:53 - INFO - [6] Khởi tạo Services...
2026-08-28 12:36:53 - INFO -     Đăng ký      : OK
2026-08-28 12:36:53 - INFO -     Nhận dạng 1:N : OK
2026-08-28 12:36:53 - INFO -     Xác minh 1:1  : OK
2026-08-28 12:36:53 - INFO - [7] Khởi tạo Face API...
2026-08-28 12:36:53 - INFO -     OK
2026-08-28 12:36:53 - INFO - [8] Khởi tạo Database API...
2026-08-28 12:36:53 - INFO -     OK
2026-08-28 12:36:53 - INFO - ============================================================
2026-08-28 12:36:53 - INFO - ✅ KHỞI TẠO HỆ THỐNG THÀNH CÔNG
2026-08-28 12:36:53 - INFO - ============================================================
2026-08-28 12:36:53 - INFO - 🔄 Đang khởi tạo giao diện...
2026-08-28 12:36:53 - INFO - [UI] Bắt đầu khởi tạo MainWindow...
2026-08-28 12:36:53 - INFO - [UI] Đang tạo giao diện...
2026-08-28 12:36:53 - INFO - [UI] Tạo trang đăng ký...
2026-08-28 12:36:53 - INFO - [Registration] Đã khởi tạo (GPU=True)
2026-08-28 12:36:53 - INFO - [UI] Tạo trang nhận dạng...
2026-08-28 12:36:53 - INFO - [Recognition] Đã tìm thấy font: C:/Windows/Fonts/arial.ttf
2026-08-28 12:36:55 - INFO - [Recognition] Đã khởi tạo (GPU=True, FPS=60)
2026-08-28 12:36:55 - INFO - [UI] Tạo trang quản lý...
2026-08-28 12:36:55 - INFO - [Database] Đã tải 1 người dùng
2026-08-28 12:36:55 - INFO - [Database] Đã khởi tạo
2026-08-28 12:36:55 - INFO - [UI] Tạo trang cài đặt...
2026-08-28 12:36:55 - INFO - [Recognition] Active: TẮT
2026-08-28 12:36:58 - INFO - [Registration] Active: BẬT
2026-08-28 12:36:58 - INFO - [UI] Giao diện đã tạo xong
2026-08-28 12:36:58 - INFO - [UI] MainWindow khởi tạo thành công! (FPS=60)
2026-08-28 12:36:59 - INFO - ✅ Giao diện đã hiển thị
2026-08-28 12:37:06 - INFO - [Registration] Active: TẮT
2026-08-28 12:37:06 - INFO - [Recognition] Active: BẬT (60fps)
2026-08-28 12:37:08 - INFO - [TTS] Đang phát: nhận diện thành công nguyễn ho...
2026-08-28 12:37:08 - INFO - [Recognition] Đã phát giọng nói: nhận diện thành công nguyễn hoàng anh
2026-08-28 12:37:10 - WARNING - [Embedder] Căn chỉnh nâng cao thất bại, thử cơ bản...
2026-08-28 12:37:11 - WARNING - [Embedder] Căn chỉnh nâng cao thất bại, thử cơ bản...
2026-08-28 12:37:12 - INFO - [TTS] Đang phát: nhận diện thành công nguyễn ho...
2026-08-28 12:37:12 - INFO - [Recognition] Đã phát giọng nói: nhận diện thành công nguyễn hoàng anh
2026-08-28 12:37:13 - WARNING - [Embedder] Căn chỉnh nâng cao thất bại, thử cơ bản...
2026-08-28 12:37:14 - INFO - [Recognition] Tắt tự động quét
2026-08-28 12:37:49 - INFO - 🔄 Bắt đầu chương trình...
2026-08-28 12:37:49 - INFO - ============================================================
2026-08-28 12:37:49 - INFO - FACESECURE - KHỞI TẠO HỆ THỐNG
2026-08-28 12:37:49 - INFO - ============================================================
2026-08-28 12:37:49 - INFO - [1] Khởi tạo cơ sở dữ liệu...
2026-08-28 12:37:49 - INFO -     Đã tải 1 người dùng
2026-08-28 12:37:49 - INFO - [2] Khởi tạo MTCNN...
2026-08-28 12:37:50 - INFO -     OK
2026-08-28 12:37:50 - INFO - [3] Khởi tạo FaceNet...
2026-08-28 12:37:50 - INFO -     OK
2026-08-28 12:37:50 - INFO - [4] Khởi tạo Face Matcher...
2026-08-28 12:37:50 - INFO -     OK
2026-08-28 12:37:50 - INFO - [5] Khởi tạo Face Recognizer...
2026-08-28 12:37:50 - INFO - [Recognizer] Khởi tạo với phương pháp: cosine
2026-08-28 12:37:50 - INFO -     OK
2026-08-28 12:37:50 - INFO - [6] Khởi tạo Services...
2026-08-28 12:37:50 - INFO -     Đăng ký      : OK
2026-08-28 12:37:50 - INFO -     Nhận dạng 1:N : OK
2026-08-28 12:37:50 - INFO -     Xác minh 1:1  : OK
2026-08-28 12:37:50 - INFO - [7] Khởi tạo Face API...
2026-08-28 12:37:50 - INFO -     OK
2026-08-28 12:37:50 - INFO - [8] Khởi tạo Database API...
2026-08-28 12:37:50 - INFO -     OK
2026-08-28 12:37:50 - INFO - ============================================================
2026-08-28 12:37:50 - INFO - ✅ KHỞI TẠO HỆ THỐNG THÀNH CÔNG
2026-08-28 12:37:50 - INFO - ============================================================
2026-08-28 12:37:50 - INFO - 🔄 Đang khởi tạo giao diện...
2026-08-28 12:37:50 - INFO - [UI] Bắt đầu khởi tạo MainWindow...
2026-08-28 12:37:50 - INFO - [UI] Đang tạo giao diện...
2026-08-28 12:37:50 - INFO - [UI] Tạo trang đăng ký...
2026-08-28 12:37:50 - INFO - [Registration] Đã khởi tạo (GPU=True)
2026-08-28 12:37:50 - INFO - [UI] Tạo trang nhận dạng...
2026-08-28 12:37:50 - INFO - [Recognition] Đã tìm thấy font: C:/Windows/Fonts/arial.ttf
2026-08-28 12:37:51 - INFO - [Recognition] Đã khởi tạo (GPU=True, FPS=60)
2026-08-28 12:37:51 - INFO - [UI] Tạo trang quản lý...
2026-08-28 12:37:51 - INFO - [Database] Đã tải 1 người dùng
2026-08-28 12:37:51 - INFO - [Database] Đã khởi tạo
2026-08-28 12:37:51 - INFO - [UI] Tạo trang cài đặt...
2026-08-28 12:37:51 - INFO - [Recognition] Active: TẮT
2026-08-28 12:37:54 - INFO - [Registration] Active: BẬT
2026-08-28 12:37:54 - INFO - [UI] Giao diện đã tạo xong
2026-08-28 12:37:54 - INFO - [UI] MainWindow khởi tạo thành công! (FPS=60)
2026-08-28 12:37:55 - INFO - ✅ Giao diện đã hiển thị
2026-08-28 12:37:57 - INFO - [Registration] Active: TẮT
2026-08-28 12:37:57 - INFO - [Recognition] Active: BẬT (60fps)
2026-08-28 12:37:59 - WARNING - [Embedder] Căn chỉnh nâng cao thất bại, thử cơ bản...
2026-08-28 12:37:59 - INFO - [TTS] Đang phát: nhận diện thành công nguyễn ho...
2026-08-28 12:37:59 - INFO - [Recognition] Đã phát giọng nói: nhận diện thành công nguyễn hoàng anh
2026-08-28 12:38:00 - WARNING - [Embedder] Căn chỉnh nâng cao thất bại, thử cơ bản...
2026-08-28 12:38:02 - INFO - [TTS] Đang phát: nhận diện thành công nguyễn ho...
2026-08-28 12:38:02 - INFO - [Recognition] Đã phát giọng nói: nhận diện thành công nguyễn hoàng anh
2026-08-28 12:38:02 - INFO - [TTS] ✅ Đã phát xong: nhận diện thành công nguyễn ho...
2026-08-28 12:38:02 - INFO - [Recognition] Tắt tự động quét
2026-08-28 12:38:03 - WARNING - [Embedder] Căn chỉnh nâng cao thất bại, thử cơ bản...
2026-08-28 12:38:03 - INFO - [TTS] Đang phát: nhận diện thành công nguyễn ho...
2026-08-28 12:38:03 - INFO - [Recognition] Đã phát giọng nói: nhận diện thành công nguyễn hoàng anh
2026-08-28 12:38:06 - INFO - [TTS] ✅ Đã phát xong: nhận diện thành công nguyễn ho...
2026-08-28 12:38:06 - INFO - [TTS] ✅ Đã phát xong: nhận diện thành công nguyễn ho...
2026-08-28 12:38:09 - WARNING - [Embedder] Căn chỉnh nâng cao thất bại, thử cơ bản...
2026-08-28 12:38:09 - INFO - [TTS] Đang phát: Xác minh thành công,nguyễn hoà...
2026-08-28 12:38:09 - INFO - [Recognition] Đã phát giọng nói: Xác minh thành công,nguyễn hoàng anh
2026-08-28 12:38:10 - ERROR - [TTS] Lỗi: Invalid audio device ID
2026-08-28 12:38:13 - INFO - [TTS] ✅ Đã phát (pyttsx3): Xác minh thành công,nguyễn hoà...
2026-08-28 12:38:16 - WARNING - [Embedder] Căn chỉnh nâng cao thất bại, thử cơ bản...
2026-08-28 12:38:16 - WARNING - [Embedder] ❌ Không thể căn chỉnh khuôn mặt
2026-08-28 12:38:16 - INFO - [TTS] Đang phát: Xác minh thất bại...
2026-08-28 12:38:16 - INFO - [Recognition] Đã phát giọng nói: Xác minh thất bại
2026-08-28 12:38:17 - ERROR - [TTS] Lỗi: Invalid audio device ID
2026-08-28 12:38:19 - INFO - [TTS] ✅ Đã phát (pyttsx3): Xác minh thất bại...
2026-08-28 12:38:21 - WARNING - [Embedder] Căn chỉnh nâng cao thất bại, thử cơ bản...
2026-08-28 12:38:21 - WARNING - [Embedder] ❌ Không thể căn chỉnh khuôn mặt
2026-08-28 12:38:21 - INFO - [TTS] Đang phát: Xác minh thất bại...
2026-08-28 12:38:21 - INFO - [Recognition] Đã phát giọng nói: Xác minh thất bại
2026-08-28 12:38:22 - ERROR - [TTS] Lỗi: Invalid audio device ID
2026-08-28 12:38:24 - INFO - [TTS] ✅ Đã phát (pyttsx3): Xác minh thất bại...
2026-08-28 12:38:27 - WARNING - [Embedder] Căn chỉnh nâng cao thất bại, thử cơ bản...
2026-08-28 12:38:27 - INFO - [TTS] Đang phát: Xác minh thành công,nguyễn hoà...
2026-08-28 12:38:27 - INFO - [Recognition] Đã phát giọng nói: Xác minh thành công,nguyễn hoàng anh
2026-08-28 12:38:28 - ERROR - [TTS] Lỗi: Invalid audio device ID
2026-08-28 12:38:32 - INFO - [TTS] ✅ Đã phát (pyttsx3): Xác minh thành công,nguyễn hoà...
2026-08-28 12:38:35 - WARNING - [Embedder] Căn chỉnh nâng cao thất bại, thử cơ bản...
2026-08-28 12:38:35 - INFO - [TTS] Đang phát: nhận diện thành công nguyễn ho...
2026-08-28 12:38:35 - INFO - [Recognition] Đã phát giọng nói: nhận diện thành công nguyễn hoàng anh
2026-08-28 12:38:36 - ERROR - [TTS] Lỗi: Invalid audio device ID
2026-08-28 12:38:39 - INFO - [TTS] ✅ Đã phát (pyttsx3): nhận diện thành công nguyễn ho...
2026-08-28 12:38:40 - INFO - [Recognition] Bật tự động quét
2026-08-28 12:38:41 - WARNING - [Embedder] Căn chỉnh nâng cao thất bại, thử cơ bản...
2026-08-28 12:38:41 - INFO - [TTS] Đang phát: nhận diện thành công nguyễn ho...
2026-08-28 12:38:41 - INFO - [Recognition] Đã phát giọng nói: nhận diện thành công nguyễn hoàng anh
2026-08-28 12:38:42 - ERROR - [TTS] Lỗi: Invalid audio device ID
2026-08-28 12:38:43 - WARNING - [Embedder] Căn chỉnh nâng cao thất bại, thử cơ bản...
2026-08-28 12:38:45 - WARNING - [Embedder] Căn chỉnh nâng cao thất bại, thử cơ bản...
2026-08-28 12:38:45 - INFO - [TTS] ✅ Đã phát (pyttsx3): nhận diện thành công nguyễn ho...
2026-08-28 12:38:45 - INFO - [TTS] Đang phát: nhận diện thành công nguyễn ho...
2026-08-28 12:38:45 - INFO - [Recognition] Đã phát giọng nói: nhận diện thành công nguyễn hoàng anh
2026-08-28 12:38:46 - ERROR - [TTS] Lỗi: Invalid audio device ID
2026-08-28 12:38:48 - WARNING - [Embedder] Căn chỉnh nâng cao thất bại, thử cơ bản...
2026-08-28 12:38:48 - INFO - [UI] Đang đóng cửa sổ...
2026-08-28 12:38:49 - WARNING - [Embedder] Căn chỉnh nâng cao thất bại, thử cơ bản...
2026-08-28 12:38:49 - INFO - [TTS] ✅ Đã phát (pyttsx3): nhận diện thành công nguyễn ho...
2026-08-28 12:41:53 - INFO - 🔄 Bắt đầu chương trình...
2026-08-28 12:41:53 - INFO - ============================================================
2026-08-28 12:41:53 - INFO - FACESECURE - KHỞI TẠO HỆ THỐNG
2026-08-28 12:41:53 - INFO - ============================================================
2026-08-28 12:41:53 - INFO - [1] Khởi tạo cơ sở dữ liệu...
2026-08-28 12:41:53 - INFO -     Đã tải 1 người dùng
2026-08-28 12:41:53 - INFO - [2] Khởi tạo MTCNN...
2026-08-28 12:41:54 - INFO -     OK
2026-08-28 12:41:54 - INFO - [3] Khởi tạo FaceNet...
2026-08-28 12:41:54 - INFO -     OK
2026-08-28 12:41:54 - INFO - [4] Khởi tạo Face Matcher...
2026-08-28 12:41:54 - INFO -     OK
2026-08-28 12:41:54 - INFO - [5] Khởi tạo Face Recognizer...
2026-08-28 12:41:54 - INFO - [Recognizer] Khởi tạo với phương pháp: cosine
2026-08-28 12:41:54 - INFO -     OK
2026-08-28 12:41:54 - INFO - [6] Khởi tạo Services...
2026-08-28 12:41:54 - INFO -     Đăng ký      : OK
2026-08-28 12:41:54 - INFO -     Nhận dạng 1:N : OK
2026-08-28 12:41:54 - INFO -     Xác minh 1:1  : OK
2026-08-28 12:41:54 - INFO - [7] Khởi tạo Face API...
2026-08-28 12:41:54 - INFO -     OK
2026-08-28 12:41:54 - INFO - [8] Khởi tạo Database API...
2026-08-28 12:41:54 - INFO -     OK
2026-08-28 12:41:54 - INFO - ============================================================
2026-08-28 12:41:54 - INFO - ✅ KHỞI TẠO HỆ THỐNG THÀNH CÔNG
2026-08-28 12:41:54 - INFO - ============================================================
2026-08-28 12:41:54 - INFO - 🔄 Đang khởi tạo giao diện...
2026-08-28 12:41:54 - INFO - [UI] Bắt đầu khởi tạo MainWindow...
2026-08-28 12:41:54 - INFO - [UI] Đang tạo giao diện...
2026-08-28 12:41:54 - INFO - [UI] Tạo trang đăng ký...
2026-08-28 12:41:54 - INFO - [Registration] Đã khởi tạo (GPU=True)
2026-08-28 12:41:54 - INFO - [UI] Tạo trang nhận dạng...
2026-08-28 12:41:54 - INFO - [Recognition] Đã tìm thấy font: C:/Windows/Fonts/arial.ttf
2026-08-28 12:41:55 - INFO - [Recognition] Đã khởi tạo (GPU=True, FPS=60)
2026-08-28 12:41:55 - INFO - [UI] Tạo trang quản lý...
2026-08-28 12:41:55 - INFO - [Database] Đã tải 1 người dùng
2026-08-28 12:41:55 - INFO - [Database] Đã khởi tạo
2026-08-28 12:41:55 - INFO - [UI] Tạo trang cài đặt...
2026-08-28 12:41:55 - INFO - [Recognition] Active: TẮT
2026-08-28 12:41:58 - INFO - [Registration] Active: BẬT
2026-08-28 12:41:58 - INFO - [UI] Giao diện đã tạo xong
2026-08-28 12:41:58 - INFO - [UI] MainWindow khởi tạo thành công! (FPS=60)
2026-08-28 12:41:59 - INFO - ✅ Giao diện đã hiển thị
2026-08-28 12:42:02 - INFO - [Registration] Active: TẮT
2026-08-28 12:42:02 - INFO - [Recognition] Active: BẬT (60fps)
2026-08-28 12:42:03 - WARNING - [Embedder] Căn chỉnh nâng cao thất bại, thử cơ bản...
2026-08-28 12:42:04 - INFO - [TTS] Đang phát tiếng Việt: nhận diện thành công nguyễn ho...
2026-08-28 12:42:04 - INFO - [Recognition] Đã phát giọng nói: nhận diện thành công nguyễn hoàng anh
2026-08-28 12:42:05 - WARNING - [Embedder] Căn chỉnh nâng cao thất bại, thử cơ bản...
2026-08-28 12:42:05 - WARNING - [Embedder] ❌ Không thể căn chỉnh khuôn mặt
2026-08-28 12:42:06 - WARNING - [Embedder] Căn chỉnh nâng cao thất bại, thử cơ bản...
2026-08-28 12:42:07 - INFO - [TTS] Đang phát tiếng Việt: nhận diện thành công nguyễn ho...
2026-08-28 12:42:07 - INFO - [Recognition] Đã phát giọng nói: nhận diện thành công nguyễn hoàng anh
2026-08-28 12:42:08 - WARNING - [Embedder] Căn chỉnh nâng cao thất bại, thử cơ bản...
2026-08-28 12:42:09 - WARNING - [Embedder] Căn chỉnh nâng cao thất bại, thử cơ bản...
2026-08-28 12:42:10 - INFO - [TTS] ✅ Đã phát xong tiếng Việt: nhận diện thành công nguyễn ho...
2026-08-28 12:42:11 - WARNING - [Embedder] Căn chỉnh nâng cao thất bại, thử cơ bản...
2026-08-28 12:42:11 - INFO - [TTS] Đang phát tiếng Việt: nhận diện thành công nguyễn ho...
2026-08-28 12:42:11 - INFO - [Recognition] Đã phát giọng nói: nhận diện thành công nguyễn hoàng anh
2026-08-28 12:42:15 - INFO - [TTS] ✅ Đã phát xong tiếng Việt: nhận diện thành công nguyễn ho...
2026-08-28 12:42:15 - INFO - [TTS] Đang phát tiếng Việt: nhận diện thành công nguyễn ho...
2026-08-28 12:42:15 - INFO - [Recognition] Đã phát giọng nói: nhận diện thành công nguyễn hoàng anh
2026-08-28 12:42:16 - WARNING - [Embedder] Căn chỉnh nâng cao thất bại, thử cơ bản...
2026-08-28 12:42:17 - WARNING - [Embedder] Căn chỉnh nâng cao thất bại, thử cơ bản...
2026-08-28 12:42:17 - INFO - [Recognition] Tắt tự động quét
2026-08-28 12:42:18 - INFO - [TTS] ✅ Đã phát xong tiếng Việt: nhận diện thành công nguyễn ho...
2026-08-28 12:42:23 - WARNING - [Embedder] Căn chỉnh nâng cao thất bại, thử cơ bản...
2026-08-28 12:42:23 - WARNING - [Embedder] ❌ Không thể căn chỉnh khuôn mặt
2026-08-28 12:42:23 - INFO - [TTS] Đang phát tiếng Việt: Xác minh thất bại...
2026-08-28 12:42:23 - INFO - [Recognition] Đã phát giọng nói: Xác minh thất bại
2026-08-28 12:42:26 - INFO - [TTS] ✅ Đã phát xong tiếng Việt: Xác minh thất bại...
2026-08-28 12:42:31 - WARNING - [Embedder] Căn chỉnh nâng cao thất bại, thử cơ bản...
2026-08-28 12:42:32 - INFO - [TTS] Đang phát tiếng Việt: Xác minh thành công,nguyễn hoà...
2026-08-28 12:42:32 - INFO - [Recognition] Đã phát giọng nói: Xác minh thành công,nguyễn hoàng anh
2026-08-28 12:43:00 - INFO - 🔄 Bắt đầu chương trình...
2026-08-28 12:43:00 - INFO - ============================================================
2026-08-28 12:43:00 - INFO - FACESECURE - KHỞI TẠO HỆ THỐNG
2026-08-28 12:43:00 - INFO - ============================================================
2026-08-28 12:43:00 - INFO - [1] Khởi tạo cơ sở dữ liệu...
2026-08-28 12:43:00 - INFO -     Đã tải 1 người dùng
2026-08-28 12:43:00 - INFO - [2] Khởi tạo MTCNN...
2026-08-28 12:43:01 - INFO -     OK
2026-08-28 12:43:01 - INFO - [3] Khởi tạo FaceNet...
2026-08-28 12:43:01 - INFO -     OK
2026-08-28 12:43:01 - INFO - [4] Khởi tạo Face Matcher...
2026-08-28 12:43:01 - INFO -     OK
2026-08-28 12:43:01 - INFO - [5] Khởi tạo Face Recognizer...
2026-08-28 12:43:01 - INFO - [Recognizer] Khởi tạo với phương pháp: cosine
2026-08-28 12:43:01 - INFO -     OK
2026-08-28 12:43:01 - INFO - [6] Khởi tạo Services...
2026-08-28 12:43:01 - INFO -     Đăng ký      : OK
2026-08-28 12:43:01 - INFO -     Nhận dạng 1:N : OK
2026-08-28 12:43:01 - INFO -     Xác minh 1:1  : OK
2026-08-28 12:43:01 - INFO - [7] Khởi tạo Face API...
2026-08-28 12:43:01 - INFO -     OK
2026-08-28 12:43:01 - INFO - [8] Khởi tạo Database API...
2026-08-28 12:43:01 - INFO -     OK
2026-08-28 12:43:01 - INFO - ============================================================
2026-08-28 12:43:01 - INFO - ✅ KHỞI TẠO HỆ THỐNG THÀNH CÔNG
2026-08-28 12:43:01 - INFO - ============================================================
2026-08-28 12:43:01 - INFO - 🔄 Đang khởi tạo giao diện...
2026-08-28 12:43:01 - INFO - [UI] Bắt đầu khởi tạo MainWindow...
2026-08-28 12:43:01 - INFO - [UI] Đang tạo giao diện...
2026-08-28 12:43:01 - INFO - [UI] Tạo trang đăng ký...
2026-08-28 12:43:01 - INFO - [Registration] Đã khởi tạo (GPU=True)
2026-08-28 12:43:01 - INFO - [UI] Tạo trang nhận dạng...
2026-08-28 12:43:01 - INFO - [Recognition] Đã tìm thấy font: C:/Windows/Fonts/arial.ttf
2026-08-28 12:43:01 - INFO - [Recognition] Đã khởi tạo (GPU=True, FPS=60)
2026-08-28 12:43:01 - INFO - [UI] Tạo trang quản lý...
2026-08-28 12:43:01 - INFO - [Database] Đã tải 1 người dùng
2026-08-28 12:43:01 - INFO - [Database] Đã khởi tạo
2026-08-28 12:43:01 - INFO - [UI] Tạo trang cài đặt...
2026-08-28 12:43:01 - INFO - [Recognition] Active: TẮT
2026-08-28 12:43:04 - INFO - [Registration] Active: BẬT
2026-08-28 12:43:04 - INFO - [UI] Giao diện đã tạo xong
2026-08-28 12:43:04 - INFO - [UI] MainWindow khởi tạo thành công! (FPS=60)
2026-08-28 12:43:05 - INFO - ✅ Giao diện đã hiển thị
2026-08-28 12:43:08 - INFO - [Registration] Active: TẮT
2026-08-28 12:43:08 - INFO - [Recognition] Active: BẬT (60fps)
2026-08-28 12:43:08 - WARNING - [Embedder] Căn chỉnh nâng cao thất bại, thử cơ bản...
2026-08-28 12:43:09 - WARNING - [Embedder] ❌ Không thể căn chỉnh khuôn mặt
2026-08-28 12:43:09 - WARNING - [Embedder] Căn chỉnh nâng cao thất bại, thử cơ bản...
2026-08-28 12:43:09 - WARNING - [Embedder] ❌ Không thể căn chỉnh khuôn mặt
2026-08-28 12:43:11 - INFO - [TTS] Đang phát tiếng Việt: nhận diện thành công nguyễn ho...
2026-08-28 12:43:11 - INFO - [Recognition] Đã phát giọng nói: nhận diện thành công nguyễn hoàng anh
2026-08-28 12:43:13 - WARNING - [Embedder] Căn chỉnh nâng cao thất bại, thử cơ bản...
2026-08-28 12:43:15 - INFO - [TTS] ✅ Đã phát xong tiếng Việt: nhận diện thành công nguyễn ho...
2026-08-28 12:43:15 - WARNING - [Embedder] Căn chỉnh nâng cao thất bại, thử cơ bản...
2026-08-28 12:43:16 - INFO - [TTS] Đang phát tiếng Việt: nhận diện thành công nguyễn ho...
2026-08-28 12:43:16 - INFO - [Recognition] Đã phát giọng nói: nhận diện thành công nguyễn hoàng anh
2026-08-28 12:43:17 - WARNING - [Embedder] Căn chỉnh nâng cao thất bại, thử cơ bản...
2026-08-28 12:43:19 - WARNING - [Embedder] Căn chỉnh nâng cao thất bại, thử cơ bản...
2026-08-28 12:43:19 - INFO - [TTS] ✅ Đã phát xong tiếng Việt: nhận diện thành công nguyễn ho...
2026-08-28 12:43:19 - INFO - [TTS] Đang phát tiếng Việt: nhận diện thành công nguyễn ho...
2026-08-28 12:43:19 - INFO - [Recognition] Đã phát giọng nói: nhận diện thành công nguyễn hoàng anh
2026-08-28 12:43:21 - WARNING - [Embedder] Căn chỉnh nâng cao thất bại, thử cơ bản...
2026-08-28 12:43:21 - WARNING - [Embedder] ❌ Không thể căn chỉnh khuôn mặt
2026-08-28 12:43:22 - WARNING - [Embedder] Căn chỉnh nâng cao thất bại, thử cơ bản...
2026-08-28 12:43:22 - INFO - [TTS] ✅ Đã phát xong tiếng Việt: nhận diện thành công nguyễn ho...
2026-08-28 12:43:23 - WARNING - [Embedder] Căn chỉnh nâng cao thất bại, thử cơ bản...
2026-08-28 12:43:23 - INFO - [TTS] Đang phát tiếng Việt: nhận diện thành công nguyễn ho...
2026-08-28 12:43:23 - INFO - [Recognition] Đã phát giọng nói: nhận diện thành công nguyễn hoàng anh
2026-08-28 12:43:24 - WARNING - [Embedder] Căn chỉnh nâng cao thất bại, thử cơ bản...
2026-08-28 12:43:25 - WARNING - [Embedder] Căn chỉnh nâng cao thất bại, thử cơ bản...
2026-08-28 12:43:25 - WARNING - [Embedder] ❌ Không thể căn chỉnh khuôn mặt
2026-08-28 12:43:26 - WARNING - [Embedder] Căn chỉnh nâng cao thất bại, thử cơ bản...
2026-08-28 12:43:26 - WARNING - [Embedder] ❌ Không thể căn chỉnh khuôn mặt
2026-08-28 12:43:27 - INFO - [TTS] ✅ Đã phát xong tiếng Việt: nhận diện thành công nguyễn ho...
2026-08-28 12:43:27 - WARNING - [Embedder] Căn chỉnh nâng cao thất bại, thử cơ bản...
2026-08-28 12:43:27 - WARNING - [Embedder] ❌ Không thể căn chỉnh khuôn mặt
2026-08-28 12:43:28 - WARNING - [Embedder] Căn chỉnh nâng cao thất bại, thử cơ bản...
2026-08-28 12:43:28 - WARNING - [Embedder] ❌ Không thể căn chỉnh khuôn mặt
2026-08-28 12:43:29 - WARNING - [Embedder] Căn chỉnh nâng cao thất bại, thử cơ bản...
2026-08-28 12:43:29 - INFO - [TTS] Đang phát tiếng Việt: Người lạ, không xác định...
2026-08-28 12:43:29 - INFO - [Recognition] Đã phát giọng nói: Người lạ, không xác định
2026-08-28 12:43:30 - WARNING - [Embedder] Căn chỉnh nâng cao thất bại, thử cơ bản...
2026-08-28 12:43:30 - WARNING - [Embedder] ❌ Không thể căn chỉnh khuôn mặt
2026-08-28 12:43:32 - WARNING - [Embedder] Căn chỉnh nâng cao thất bại, thử cơ bản...
2026-08-28 12:43:32 - INFO - [TTS] Đang phát tiếng Việt: nhận diện thành công nguyễn ho...
2026-08-28 12:43:32 - INFO - [Recognition] Đã phát giọng nói: nhận diện thành công nguyễn hoàng anh
2026-08-28 12:43:33 - WARNING - [Embedder] Căn chỉnh nâng cao thất bại, thử cơ bản...
2026-08-28 12:43:34 - WARNING - [Embedder] Căn chỉnh nâng cao thất bại, thử cơ bản...
2026-08-28 12:43:35 - INFO - [TTS] ✅ Đã phát xong tiếng Việt: Người lạ, không xác định...
2026-08-28 12:44:16 - INFO - 🔄 Bắt đầu chương trình...
2026-08-28 12:44:16 - INFO - ============================================================
2026-08-28 12:44:16 - INFO - FACESECURE - KHỞI TẠO HỆ THỐNG
2026-08-28 12:44:16 - INFO - ============================================================
2026-08-28 12:44:16 - INFO - [1] Khởi tạo cơ sở dữ liệu...
2026-08-28 12:44:16 - INFO -     Đã tải 1 người dùng
2026-08-28 12:44:16 - INFO - [2] Khởi tạo MTCNN...
2026-08-28 12:44:17 - INFO -     OK
2026-08-28 12:44:17 - INFO - [3] Khởi tạo FaceNet...
2026-08-28 12:44:17 - INFO -     OK
2026-08-28 12:44:17 - INFO - [4] Khởi tạo Face Matcher...
2026-08-28 12:44:17 - INFO -     OK
2026-08-28 12:44:17 - INFO - [5] Khởi tạo Face Recognizer...
2026-08-28 12:44:17 - INFO - [Recognizer] Khởi tạo với phương pháp: cosine
2026-08-28 12:44:17 - INFO -     OK
2026-08-28 12:44:17 - INFO - [6] Khởi tạo Services...
2026-08-28 12:44:17 - INFO -     Đăng ký      : OK
2026-08-28 12:44:17 - INFO -     Nhận dạng 1:N : OK
2026-08-28 12:44:17 - INFO -     Xác minh 1:1  : OK
2026-08-28 12:44:17 - INFO - [7] Khởi tạo Face API...
2026-08-28 12:44:17 - INFO -     OK
2026-08-28 12:44:17 - INFO - [8] Khởi tạo Database API...
2026-08-28 12:44:17 - INFO -     OK
2026-08-28 12:44:17 - INFO - ============================================================
2026-08-28 12:44:17 - INFO - ✅ KHỞI TẠO HỆ THỐNG THÀNH CÔNG
2026-08-28 12:44:17 - INFO - ============================================================
2026-08-28 12:44:17 - INFO - 🔄 Đang khởi tạo giao diện...
2026-08-28 12:44:17 - INFO - [UI] Bắt đầu khởi tạo MainWindow...
2026-08-28 12:44:17 - INFO - [UI] Đang tạo giao diện...
2026-08-28 12:44:17 - INFO - [UI] Tạo trang đăng ký...
2026-08-28 12:44:17 - INFO - [Registration] Đã khởi tạo (GPU=True)
2026-08-28 12:44:17 - INFO - [UI] Tạo trang nhận dạng...
2026-08-28 12:44:17 - INFO - [Recognition] Đã tìm thấy font: C:/Windows/Fonts/arial.ttf
2026-08-28 12:44:17 - INFO - [Recognition] Đã khởi tạo (GPU=True, FPS=60)
2026-08-28 12:44:17 - INFO - [UI] Tạo trang quản lý...
2026-08-28 12:44:17 - INFO - [Database] Đã tải 1 người dùng
2026-08-28 12:44:17 - INFO - [Database] Đã khởi tạo
2026-08-28 12:44:17 - INFO - [UI] Tạo trang cài đặt...
2026-08-28 12:44:17 - INFO - [Recognition] Active: TẮT
2026-08-28 12:44:20 - INFO - [Registration] Active: BẬT
2026-08-28 12:44:20 - INFO - [UI] Giao diện đã tạo xong
2026-08-28 12:44:20 - INFO - [UI] MainWindow khởi tạo thành công! (FPS=60)
2026-08-28 12:44:21 - INFO - ✅ Giao diện đã hiển thị
2026-08-28 12:44:31 - INFO - [Registration] Active: TẮT
2026-08-28 12:44:31 - INFO - [Recognition] Active: BẬT (60fps)
2026-08-28 12:44:32 - WARNING - [Embedder] Căn chỉnh nâng cao thất bại, thử cơ bản...
2026-08-28 12:44:32 - WARNING - [Embedder] ❌ Không thể căn chỉnh khuôn mặt
2026-08-28 12:44:33 - INFO - [TTS] Đang phát tiếng Việt: nhận diện thành công nguyễn ho...
2026-08-28 12:44:33 - INFO - [Recognition] Đã phát giọng nói: nhận diện thành công nguyễn hoàng anh
2026-08-28 12:44:37 - INFO - [TTS] ✅ Đã phát xong tiếng Việt: nhận diện thành công nguyễn ho...
2026-08-28 12:44:37 - INFO - [TTS] Đang phát tiếng Việt: nhận diện thành công nguyễn ho...
2026-08-28 12:44:37 - INFO - [Recognition] Đã phát giọng nói: nhận diện thành công nguyễn hoàng anh
2026-08-28 12:44:41 - WARNING - [Embedder] Căn chỉnh nâng cao thất bại, thử cơ bản...
2026-08-28 12:44:41 - INFO - [TTS] Đang phát tiếng Việt: nhận diện thành công nguyễn ho...
2026-08-28 12:44:41 - INFO - [Recognition] Đã phát giọng nói: nhận diện thành công nguyễn hoàng anh
2026-08-28 12:44:41 - INFO - [TTS] ✅ Đã phát xong tiếng Việt: nhận diện thành công nguyễn ho...
2026-08-28 12:44:44 - INFO - [TTS] ✅ Đã phát xong tiếng Việt: nhận diện thành công nguyễn ho...
2026-08-28 12:44:45 - INFO - [TTS] Đang phát tiếng Việt: nhận diện thành công nguyễn ho...
2026-08-28 12:44:45 - INFO - [Recognition] Đã phát giọng nói: nhận diện thành công nguyễn hoàng anh
2026-08-28 12:44:47 - WARNING - [Embedder] Căn chỉnh nâng cao thất bại, thử cơ bản...
2026-08-28 12:44:48 - INFO - [TTS] ✅ Đã phát xong tiếng Việt: nhận diện thành công nguyễn ho...
2026-08-28 12:44:49 - INFO - [TTS] Đang phát tiếng Việt: nhận diện thành công nguyễn ho...
2026-08-28 12:44:49 - INFO - [Recognition] Đã phát giọng nói: nhận diện thành công nguyễn hoàng anh
2026-08-28 12:44:51 - WARNING - [Embedder] Căn chỉnh nâng cao thất bại, thử cơ bản...
2026-08-28 12:44:52 - WARNING - [Embedder] Căn chỉnh nâng cao thất bại, thử cơ bản...
2026-08-28 12:44:52 - INFO - [TTS] Đang phát tiếng Việt: nhận diện thành công nguyễn ho...
2026-08-28 12:44:52 - INFO - [Recognition] Đã phát giọng nói: nhận diện thành công nguyễn hoàng anh
2026-08-28 12:44:52 - INFO - [TTS] ✅ Đã phát xong tiếng Việt: nhận diện thành công nguyễn ho...
2026-08-28 12:44:53 - WARNING - [Embedder] Căn chỉnh nâng cao thất bại, thử cơ bản...
2026-08-28 12:44:54 - WARNING - [Embedder] Căn chỉnh nâng cao thất bại, thử cơ bản...
2026-08-28 12:44:55 - WARNING - [Embedder] Căn chỉnh nâng cao thất bại, thử cơ bản...
2026-08-28 12:44:55 - INFO - [TTS] Đang phát tiếng Việt: nhận diện thành công nguyễn ho...
2026-08-28 12:44:55 - INFO - [Recognition] Đã phát giọng nói: nhận diện thành công nguyễn hoàng anh
2026-08-28 12:44:55 - INFO - [TTS] ✅ Đã phát xong tiếng Việt: nhận diện thành công nguyễn ho...
2026-08-28 12:44:58 - INFO - [TTS] ✅ Đã phát xong tiếng Việt: nhận diện thành công nguyễn ho...
2026-08-28 12:44:58 - WARNING - [Embedder] Căn chỉnh nâng cao thất bại, thử cơ bản...
2026-08-28 12:44:59 - INFO - [TTS] Đang phát tiếng Việt: nhận diện thành công nguyễn ho...
2026-08-28 12:44:59 - INFO - [Recognition] Đã phát giọng nói: nhận diện thành công nguyễn hoàng anh
2026-08-28 12:45:00 - WARNING - [Embedder] Căn chỉnh nâng cao thất bại, thử cơ bản...
2026-08-28 12:45:00 - WARNING - [Embedder] ❌ Không thể căn chỉnh khuôn mặt
2026-08-28 12:45:02 - INFO - [TTS] ✅ Đã phát xong tiếng Việt: nhận diện thành công nguyễn ho...
2026-08-28 12:45:02 - WARNING - [Embedder] Căn chỉnh nâng cao thất bại, thử cơ bản...
2026-08-28 12:45:02 - INFO - [TTS] Đang phát tiếng Việt: nhận diện thành công nguyễn ho...
2026-08-28 12:45:02 - INFO - [Recognition] Đã phát giọng nói: nhận diện thành công nguyễn hoàng anh
2026-08-28 12:45:06 - WARNING - [Embedder] Căn chỉnh nâng cao thất bại, thử cơ bản...
2026-08-28 12:45:06 - INFO - [TTS] ✅ Đã phát xong tiếng Việt: nhận diện thành công nguyễn ho...
2026-08-28 12:45:06 - INFO - [TTS] Đang phát tiếng Việt: nhận diện thành công nguyễn ho...
2026-08-28 12:45:06 - INFO - [Recognition] Đã phát giọng nói: nhận diện thành công nguyễn hoàng anh
2026-08-28 12:45:08 - WARNING - [Embedder] Căn chỉnh nâng cao thất bại, thử cơ bản...
2026-08-28 12:45:09 - WARNING - [Embedder] Căn chỉnh nâng cao thất bại, thử cơ bản...
2026-08-28 12:45:09 - INFO - [TTS] Đang phát tiếng Việt: nhận diện thành công nguyễn ho...
2026-08-28 12:45:09 - INFO - [Recognition] Đã phát giọng nói: nhận diện thành công nguyễn hoàng anh
2026-08-28 12:45:10 - WARNING - [Embedder] Căn chỉnh nâng cao thất bại, thử cơ bản...
2026-08-28 12:45:12 - INFO - [TTS] ✅ Đã phát xong tiếng Việt: nhận diện thành công nguyễn ho...
2026-08-28 12:45:12 - INFO - [TTS] ✅ Đã phát xong tiếng Việt: nhận diện thành công nguyễn ho...
2026-08-28 12:45:13 - INFO - [TTS] Đang phát tiếng Việt: nhận diện thành công nguyễn ho...
2026-08-28 12:45:13 - INFO - [Recognition] Đã phát giọng nói: nhận diện thành công nguyễn hoàng anh
2026-08-28 12:45:13 - ERROR - [TTS] Lỗi phát tiếng Việt: Invalid audio device ID
2026-08-28 12:45:14 - WARNING - [Embedder] Căn chỉnh nâng cao thất bại, thử cơ bản...
2026-08-28 12:45:15 - WARNING - [Embedder] Căn chỉnh nâng cao thất bại, thử cơ bản...
2026-08-28 12:45:15 - WARNING - [Embedder] Căn chỉnh nâng cao thất bại, thử cơ bản...
2026-08-28 12:45:17 - WARNING - [Embedder] Căn chỉnh nâng cao thất bại, thử cơ bản...
2026-08-28 12:45:17 - INFO - [TTS] Đang phát tiếng Việt: nhận diện thành công nguyễn ho...
2026-08-28 12:45:17 - INFO - [Recognition] Đã phát giọng nói: nhận diện thành công nguyễn hoàng anh
2026-08-28 12:45:18 - WARNING - [Embedder] Căn chỉnh nâng cao thất bại, thử cơ bản...
2026-08-28 12:45:18 - ERROR - [TTS] Lỗi phát tiếng Việt: Invalid audio device ID
2026-08-28 12:45:19 - WARNING - [Embedder] Căn chỉnh nâng cao thất bại, thử cơ bản...
2026-08-28 12:45:20 - WARNING - [Embedder] Căn chỉnh nâng cao thất bại, thử cơ bản...
2026-08-28 12:45:21 - INFO - [TTS] Đang phát tiếng Việt: nhận diện thành công nguyễn ho...
2026-08-28 12:45:21 - INFO - [Recognition] Đã phát giọng nói: nhận diện thành công nguyễn hoàng anh
2026-08-28 12:45:21 - ERROR - [TTS] Lỗi phát tiếng Việt: Invalid audio device ID
2026-08-28 12:45:22 - WARNING - [Embedder] Căn chỉnh nâng cao thất bại, thử cơ bản...
2026-08-28 12:45:23 - WARNING - [Embedder] Căn chỉnh nâng cao thất bại, thử cơ bản...
2026-08-28 12:45:24 - INFO - [TTS] Đang phát tiếng Việt: nhận diện thành công nguyễn ho...
2026-08-28 12:45:24 - INFO - [Recognition] Đã phát giọng nói: nhận diện thành công nguyễn hoàng anh
2026-08-28 12:45:25 - ERROR - [TTS] Lỗi phát tiếng Việt: Invalid audio device ID
2026-08-28 12:45:28 - WARNING - [Embedder] Căn chỉnh nâng cao thất bại, thử cơ bản...
2026-08-28 12:45:28 - INFO - [TTS] Đang phát tiếng Việt: nhận diện thành công nguyễn ho...
2026-08-28 12:45:28 - INFO - [Recognition] Đã phát giọng nói: nhận diện thành công nguyễn hoàng anh
2026-08-28 12:45:29 - ERROR - [TTS] Lỗi phát tiếng Việt: Invalid audio device ID
2026-08-28 12:45:29 - WARNING - [Embedder] Căn chỉnh nâng cao thất bại, thử cơ bản...
2026-08-28 12:45:29 - WARNING - [Embedder] ❌ Không thể căn chỉnh khuôn mặt
2026-08-28 12:45:31 - WARNING - [Embedder] Căn chỉnh nâng cao thất bại, thử cơ bản...
2026-08-28 12:45:31 - INFO - [TTS] Đang phát tiếng Việt: nhận diện thành công nguyễn ho...
2026-08-28 12:45:31 - INFO - [Recognition] Đã phát giọng nói: nhận diện thành công nguyễn hoàng anh
2026-08-28 12:45:32 - ERROR - [TTS] Lỗi phát tiếng Việt: Invalid audio device ID
2026-08-28 12:45:35 - INFO - [TTS] Đang phát tiếng Việt: nhận diện thành công nguyễn ho...
2026-08-28 12:45:35 - INFO - [Recognition] Đã phát giọng nói: nhận diện thành công nguyễn hoàng anh
2026-08-28 12:45:35 - INFO - [Recognition] Tắt tự động quét
2026-08-28 12:45:36 - ERROR - [TTS] Lỗi phát tiếng Việt: Invalid audio device ID
2026-08-28 12:45:36 - WARNING - [Embedder] Căn chỉnh nâng cao thất bại, thử cơ bản...
2026-08-28 12:45:36 - INFO - [TTS] Đang phát tiếng Việt: nhận diện thành công nguyễn ho...
2026-08-28 12:45:36 - INFO - [Recognition] Đã phát giọng nói: nhận diện thành công nguyễn hoàng anh
2026-08-28 12:45:36 - ERROR - [TTS] Lỗi phát tiếng Việt: Invalid audio device ID
2026-08-28 12:45:45 - WARNING - [Embedder] Căn chỉnh nâng cao thất bại, thử cơ bản...
2026-08-28 12:45:45 - INFO - [TTS] Đang phát tiếng Việt: Xác minh thành công,nguyễn hoà...
2026-08-28 12:45:45 - INFO - [Recognition] Đã phát giọng nói: Xác minh thành công,nguyễn hoàng anh
2026-08-28 12:45:46 - ERROR - [TTS] Lỗi phát tiếng Việt: Invalid audio device ID
2026-08-28 12:45:51 - INFO - [UI] Đang đóng cửa sổ...
2026-08-28 12:46:05 - INFO - 🔄 Bắt đầu chương trình...
2026-08-28 12:46:05 - INFO - ============================================================
2026-08-28 12:46:05 - INFO - FACESECURE - KHỞI TẠO HỆ THỐNG
2026-08-28 12:46:05 - INFO - ============================================================
2026-08-28 12:46:05 - INFO - [1] Khởi tạo cơ sở dữ liệu...
2026-08-28 12:46:05 - INFO -     Đã tải 1 người dùng
2026-08-28 12:46:05 - INFO - [2] Khởi tạo MTCNN...
2026-08-28 12:46:06 - INFO -     OK
2026-08-28 12:46:06 - INFO - [3] Khởi tạo FaceNet...
2026-08-28 12:46:06 - INFO -     OK
2026-08-28 12:46:06 - INFO - [4] Khởi tạo Face Matcher...
2026-08-28 12:46:06 - INFO -     OK
2026-08-28 12:46:06 - INFO - [5] Khởi tạo Face Recognizer...
2026-08-28 12:46:06 - INFO - [Recognizer] Khởi tạo với phương pháp: cosine
2026-08-28 12:46:06 - INFO -     OK
2026-08-28 12:46:06 - INFO - [6] Khởi tạo Services...
2026-08-28 12:46:06 - INFO -     Đăng ký      : OK
2026-08-28 12:46:06 - INFO -     Nhận dạng 1:N : OK
2026-08-28 12:46:06 - INFO -     Xác minh 1:1  : OK
2026-08-28 12:46:06 - INFO - [7] Khởi tạo Face API...
2026-08-28 12:46:06 - INFO -     OK
2026-08-28 12:46:06 - INFO - [8] Khởi tạo Database API...
2026-08-28 12:46:06 - INFO -     OK
2026-08-28 12:46:06 - INFO - ============================================================
2026-08-28 12:46:06 - INFO - ✅ KHỞI TẠO HỆ THỐNG THÀNH CÔNG
2026-08-28 12:46:06 - INFO - ============================================================
2026-08-28 12:46:06 - INFO - 🔄 Đang khởi tạo giao diện...
2026-08-28 12:46:06 - INFO - [UI] Bắt đầu khởi tạo MainWindow...
2026-08-28 12:46:06 - INFO - [UI] Đang tạo giao diện...
2026-08-28 12:46:06 - INFO - [UI] Tạo trang đăng ký...
2026-08-28 12:46:06 - INFO - [Registration] Đã khởi tạo (GPU=True)
2026-08-28 12:46:06 - INFO - [UI] Tạo trang nhận dạng...
2026-08-28 12:46:06 - INFO - [Recognition] Đã tìm thấy font: C:/Windows/Fonts/arial.ttf
2026-08-28 12:46:07 - INFO - [Recognition] Đã khởi tạo (GPU=True, FPS=60)
2026-08-28 12:46:07 - INFO - [UI] Tạo trang quản lý...
2026-08-28 12:46:07 - INFO - [Database] Đã tải 1 người dùng
2026-08-28 12:46:07 - INFO - [Database] Đã khởi tạo
2026-08-28 12:46:07 - INFO - [UI] Tạo trang cài đặt...
2026-08-28 12:46:07 - INFO - [Recognition] Active: TẮT
2026-08-28 12:46:10 - INFO - [Registration] Active: BẬT
2026-08-28 12:46:10 - INFO - [UI] Giao diện đã tạo xong
2026-08-28 12:46:10 - INFO - [UI] MainWindow khởi tạo thành công! (FPS=60)
2026-08-28 12:46:10 - INFO - ✅ Giao diện đã hiển thị
2026-08-28 12:46:12 - INFO - [Registration] Active: TẮT
2026-08-28 12:46:12 - INFO - [Recognition] Active: BẬT (60fps)
2026-08-28 12:46:13 - WARNING - [Embedder] Căn chỉnh nâng cao thất bại, thử cơ bản...
2026-08-28 12:46:13 - INFO - [TTS] Đang phát tiếng Việt: nhận diện thành công nguyễn ho...
2026-08-28 12:46:13 - INFO - [Recognition] Đã phát giọng nói: nhận diện thành công nguyễn hoàng anh
2026-08-28 12:46:14 - WARNING - [Embedder] Căn chỉnh nâng cao thất bại, thử cơ bản...
2026-08-28 12:46:16 - WARNING - [Embedder] Căn chỉnh nâng cao thất bại, thử cơ bản...
2026-08-28 12:46:17 - INFO - [TTS] ✅ Đã phát xong tiếng Việt: nhận diện thành công nguyễn ho...
2026-08-28 12:46:17 - WARNING - [Embedder] Căn chỉnh nâng cao thất bại, thử cơ bản...
2026-08-28 12:46:17 - INFO - [TTS] Đang phát tiếng Việt: nhận diện thành công nguyễn ho...
2026-08-28 12:46:17 - INFO - [Recognition] Đã phát giọng nói: nhận diện thành công nguyễn hoàng anh
2026-08-28 12:46:18 - WARNING - [Embedder] Căn chỉnh nâng cao thất bại, thử cơ bản...
2026-08-28 12:46:20 - WARNING - [Embedder] Căn chỉnh nâng cao thất bại, thử cơ bản...
2026-08-28 12:46:20 - INFO - [TTS] ✅ Đã phát xong tiếng Việt: nhận diện thành công nguyễn ho...
2026-08-28 12:46:28 - WARNING - [Embedder] Căn chỉnh nâng cao thất bại, thử cơ bản...
2026-08-28 12:46:28 - WARNING - [Embedder] ❌ Không thể căn chỉnh khuôn mặt
2026-08-28 12:46:29 - INFO - [TTS] Đang phát tiếng Việt: nhận diện thành công nguyễn ho...
2026-08-28 12:46:29 - INFO - [Recognition] Đã phát giọng nói: nhận diện thành công nguyễn hoàng anh
2026-08-28 12:46:30 - WARNING - [Embedder] Căn chỉnh nâng cao thất bại, thử cơ bản...
2026-08-28 12:46:32 - INFO - [TTS] Đang phát tiếng Việt: Người lạ, không xác định...
2026-08-28 12:46:32 - INFO - [Recognition] Đã phát giọng nói: Người lạ, không xác định
2026-08-28 12:46:33 - WARNING - [Embedder] Căn chỉnh nâng cao thất bại, thử cơ bản...
2026-08-28 12:46:33 - INFO - [TTS] Đang phát tiếng Việt: nhận diện thành công nguyễn ho...
2026-08-28 12:46:33 - INFO - [Recognition] Đã phát giọng nói: nhận diện thành công nguyễn hoàng anh
2026-08-28 12:46:35 - WARNING - [Embedder] Căn chỉnh nâng cao thất bại, thử cơ bản...
2026-08-28 12:46:35 - WARNING - [Embedder] Căn chỉnh nâng cao thất bại, thử cơ bản...
2026-08-28 13:00:57 - INFO - 🔄 Bắt đầu chương trình...
2026-08-28 13:00:57 - INFO - ============================================================
2026-08-28 13:00:57 - INFO - FACESECURE - KHỞI TẠO HỆ THỐNG
2026-08-28 13:00:57 - INFO - ============================================================
2026-08-28 13:00:57 - INFO - [1] Khởi tạo cơ sở dữ liệu...
2026-08-28 13:00:57 - INFO -     Đã tải 1 người dùng
2026-08-28 13:00:57 - INFO - [2] Khởi tạo MTCNN...
2026-08-28 13:00:58 - INFO -     OK
2026-08-28 13:00:58 - INFO - [3] Khởi tạo FaceNet...
2026-08-28 13:00:58 - INFO -     OK
2026-08-28 13:00:58 - INFO - [4] Khởi tạo Face Matcher...
2026-08-28 13:00:58 - INFO -     OK
2026-08-28 13:00:58 - INFO - [5] Khởi tạo Face Recognizer...
2026-08-28 13:00:58 - INFO - [Recognizer] Khởi tạo với phương pháp: cosine
2026-08-28 13:00:58 - INFO -     OK
2026-08-28 13:00:58 - INFO - [6] Khởi tạo Services...
2026-08-28 13:00:58 - INFO -     Đăng ký      : OK
2026-08-28 13:00:58 - INFO -     Nhận dạng 1:N : OK
2026-08-28 13:00:58 - INFO -     Xác minh 1:1  : OK
2026-08-28 13:00:58 - INFO - [7] Khởi tạo Face API...
2026-08-28 13:00:58 - INFO -     OK
2026-08-28 13:00:58 - INFO - [8] Khởi tạo Database API...
2026-08-28 13:00:58 - INFO -     OK
2026-08-28 13:00:58 - INFO - ============================================================
2026-08-28 13:00:58 - INFO - ✅ KHỞI TẠO HỆ THỐNG THÀNH CÔNG
2026-08-28 13:00:58 - INFO - ============================================================
2026-08-28 13:00:58 - INFO - 🔄 Đang khởi tạo giao diện...
2026-08-28 13:00:58 - INFO - [UI] Bắt đầu khởi tạo MainWindow...
2026-08-28 13:00:58 - INFO - [UI] Đang tạo giao diện...
2026-08-28 13:00:58 - INFO - [UI] Tạo trang đăng ký...
2026-08-28 13:00:58 - INFO - [Registration] Đã khởi tạo (GPU=True)
2026-08-28 13:00:58 - INFO - [UI] Tạo trang nhận dạng...
2026-08-28 13:00:58 - INFO - [Recognition] Đã tìm thấy font: C:/Windows/Fonts/arial.ttf
2026-08-28 13:00:59 - INFO - [Recognition] Đã khởi tạo (GPU=True, FPS=60)
2026-08-28 13:00:59 - INFO - [UI] Tạo trang quản lý...
2026-08-28 13:00:59 - INFO - [Database] Đã tải 1 người dùng
2026-08-28 13:00:59 - INFO - [Database] Đã khởi tạo
2026-08-28 13:00:59 - INFO - [UI] Tạo trang cài đặt...
2026-08-28 13:00:59 - INFO - [Recognition] Active: TẮT
2026-08-28 13:00:59 - INFO - [Recognition] Active: TẮT
2026-08-28 13:01:02 - INFO - [Registration] Active: BẬT
2026-08-28 13:01:02 - INFO - [UI] Giao diện đã tạo xong
2026-08-28 13:01:02 - INFO - [UI] MainWindow khởi tạo thành công! (FPS=60)
2026-08-28 13:01:03 - INFO - ✅ Giao diện đã hiển thị
2026-08-28 13:01:33 - INFO - [UI] Đang đóng cửa sổ...
2026-08-28 13:01:45 - INFO - 🔄 Bắt đầu chương trình...
2026-08-28 13:01:45 - INFO - ============================================================
2026-08-28 13:01:45 - INFO - FACESECURE - KHỞI TẠO HỆ THỐNG
2026-08-28 13:01:45 - INFO - ============================================================
2026-08-28 13:01:45 - INFO - [1] Khởi tạo cơ sở dữ liệu...
2026-08-28 13:01:45 - INFO -     Đã tải 1 người dùng
2026-08-28 13:01:45 - INFO - [2] Khởi tạo MTCNN...
2026-08-28 13:01:46 - INFO -     OK
2026-08-28 13:01:46 - INFO - [3] Khởi tạo FaceNet...
2026-08-28 13:01:46 - INFO -     OK
2026-08-28 13:01:46 - INFO - [4] Khởi tạo Face Matcher...
2026-08-28 13:01:46 - INFO -     OK
2026-08-28 13:01:46 - INFO - [5] Khởi tạo Face Recognizer...
2026-08-28 13:01:46 - INFO - [Recognizer] Khởi tạo với phương pháp: cosine
2026-08-28 13:01:46 - INFO -     OK
2026-08-28 13:01:46 - INFO - [6] Khởi tạo Services...
2026-08-28 13:01:46 - INFO -     Đăng ký      : OK
2026-08-28 13:01:46 - INFO -     Nhận dạng 1:N : OK
2026-08-28 13:01:46 - INFO -     Xác minh 1:1  : OK
2026-08-28 13:01:46 - INFO - [7] Khởi tạo Face API...
2026-08-28 13:01:46 - INFO -     OK
2026-08-28 13:01:46 - INFO - [8] Khởi tạo Database API...
2026-08-28 13:01:46 - INFO -     OK
2026-08-28 13:01:46 - INFO - ============================================================
2026-08-28 13:01:46 - INFO - ✅ KHỞI TẠO HỆ THỐNG THÀNH CÔNG
2026-08-28 13:01:46 - INFO - ============================================================
2026-08-28 13:01:46 - INFO - 🔄 Đang khởi tạo giao diện...
2026-08-28 13:01:46 - INFO - [UI] Bắt đầu khởi tạo MainWindow...
2026-08-28 13:01:46 - INFO - [UI] Đang tạo giao diện...
2026-08-28 13:01:46 - INFO - [UI] Tạo trang đăng ký...
2026-08-28 13:01:46 - INFO - [Registration] Đã khởi tạo (GPU=True)
2026-08-28 13:01:46 - INFO - [UI] Tạo trang nhận dạng...
2026-08-28 13:01:46 - INFO - [Recognition] Đã tìm thấy font: C:/Windows/Fonts/arial.ttf
2026-08-28 13:01:47 - INFO - [Recognition] Đã khởi tạo (GPU=True, FPS=60)
2026-08-28 13:01:47 - INFO - [UI] Tạo trang quản lý...
2026-08-28 13:01:47 - INFO - [Database] Đã tải 1 người dùng
2026-08-28 13:01:47 - INFO - [Database] Đã khởi tạo
2026-08-28 13:01:47 - INFO - [UI] Tạo trang cài đặt...
2026-08-28 13:01:47 - INFO - [Recognition] Active: TẮT
2026-08-28 13:01:47 - INFO - [Recognition] Active: TẮT
2026-08-28 13:01:50 - INFO - [Registration] Active: BẬT
2026-08-28 13:01:50 - INFO - [UI] Giao diện đã tạo xong
2026-08-28 13:01:50 - INFO - [UI] MainWindow khởi tạo thành công! (FPS=60)
2026-08-28 13:01:50 - INFO - ✅ Giao diện đã hiển thị
2026-08-28 13:01:52 - INFO - [Registration] Active: TẮT
2026-08-28 13:01:52 - INFO - [Recognition] Active: BẬT
2026-08-28 13:01:53 - WARNING - [Embedder] ❌ Ảnh khuôn mặt không đạt chất lượng
2026-08-28 13:01:55 - WARNING - [Embedder] ❌ Ảnh khuôn mặt không đạt chất lượng
2026-08-28 13:01:56 - WARNING - [Embedder] ❌ Ảnh khuôn mặt không đạt chất lượng
2026-08-28 13:01:57 - WARNING - [Embedder] ❌ Ảnh khuôn mặt không đạt chất lượng
2026-08-28 13:01:59 - WARNING - [Embedder] ❌ Ảnh khuôn mặt không đạt chất lượng
2026-08-28 13:02:00 - WARNING - [Embedder] ❌ Ảnh khuôn mặt không đạt chất lượng
2026-08-28 13:02:02 - WARNING - [Embedder] ❌ Ảnh khuôn mặt không đạt chất lượng
2026-08-28 13:02:02 - INFO - [Registration] Active: TẮT
2026-08-28 13:02:02 - INFO - [Recognition] Active: TẮT
2026-08-28 13:02:02 - INFO - [Recognition] Active: TẮT
2026-08-28 13:02:02 - INFO - [UI] Camera paused
2026-08-28 13:02:02 - INFO - [Database] Đã tải 1 người dùng
2026-08-28 13:02:03 - WARNING - [Embedder] ❌ Ảnh khuôn mặt không đạt chất lượng
2026-08-28 13:02:03 - INFO - [Registration] Active: TẮT
2026-08-28 13:02:03 - INFO - [Recognition] Active: BẬT
2026-08-28 13:02:04 - INFO - [Recognition] Tắt tự động quét
2026-08-28 13:02:09 - WARNING - [Embedder] ❌ Ảnh khuôn mặt không đạt chất lượng
2026-08-28 13:02:09 - INFO - [TTS] Đang phát tiếng Việt: Xác minh thất bại...
2026-08-28 13:02:09 - INFO - [Recognition] Đã phát giọng nói: Xác minh thất bại
2026-08-28 13:02:11 - INFO - [TTS] pygame.mixer đã khởi tạo
2026-08-28 13:02:12 - INFO - [TTS] ✅ Đã phát xong tiếng Việt: Xác minh thất bại...
2026-08-28 13:02:14 - WARNING - [Embedder] ❌ Ảnh khuôn mặt không đạt chất lượng
2026-08-28 13:02:15 - INFO - [TTS] Đang phát tiếng Việt: Xác minh thất bại...
2026-08-28 13:02:15 - INFO - [Recognition] Đã phát giọng nói: Xác minh thất bại
2026-08-28 13:02:17 - INFO - [TTS] ✅ Đã phát xong tiếng Việt: Xác minh thất bại...
2026-08-28 13:03:15 - INFO - [UI] Đang đóng cửa sổ...
2026-08-28 13:04:11 - INFO - 🔄 Bắt đầu chương trình...
2026-08-28 13:04:11 - INFO - ============================================================
2026-08-28 13:04:11 - INFO - FACESECURE - KHỞI TẠO HỆ THỐNG
2026-08-28 13:04:11 - INFO - ============================================================
2026-08-28 13:04:11 - INFO - [1] Khởi tạo cơ sở dữ liệu...
2026-08-28 13:04:11 - INFO -     Đã tải 1 người dùng
2026-08-28 13:04:11 - INFO - [2] Khởi tạo MTCNN...
2026-08-28 13:04:11 - INFO -     OK
2026-08-28 13:04:11 - INFO - [3] Khởi tạo FaceNet...
2026-08-28 13:04:12 - INFO -     OK
2026-08-28 13:04:12 - INFO - [4] Khởi tạo Face Matcher...
2026-08-28 13:04:12 - INFO -     OK
2026-08-28 13:04:12 - INFO - [5] Khởi tạo Face Recognizer...
2026-08-28 13:04:12 - INFO - [Recognizer] Khởi tạo với phương pháp: cosine
2026-08-28 13:04:12 - INFO -     OK
2026-08-28 13:04:12 - INFO - [6] Khởi tạo Services...
2026-08-28 13:04:12 - INFO -     Đăng ký      : OK
2026-08-28 13:04:12 - INFO -     Nhận dạng 1:N : OK
2026-08-28 13:04:12 - INFO -     Xác minh 1:1  : OK
2026-08-28 13:04:12 - INFO - [7] Khởi tạo Face API...
2026-08-28 13:04:12 - INFO -     OK
2026-08-28 13:04:12 - INFO - [8] Khởi tạo Database API...
2026-08-28 13:04:12 - INFO -     OK
2026-08-28 13:04:12 - INFO - ============================================================
2026-08-28 13:04:12 - INFO - ✅ KHỞI TẠO HỆ THỐNG THÀNH CÔNG
2026-08-28 13:04:12 - INFO - ============================================================
2026-08-28 13:04:12 - INFO - 🔄 Đang khởi tạo giao diện...
2026-08-28 13:04:12 - INFO - [UI] Bắt đầu khởi tạo MainWindow...
2026-08-28 13:04:12 - INFO - [UI] Đang tạo giao diện...
2026-08-28 13:04:12 - INFO - [UI] Tạo trang đăng ký...
2026-08-28 13:04:12 - INFO - [Registration] Đã khởi tạo (GPU=True)
2026-08-28 13:04:12 - INFO - [UI] Tạo trang nhận dạng...
2026-08-28 13:04:12 - INFO - [Recognition] Đã tìm thấy font: C:/Windows/Fonts/arial.ttf
2026-08-28 13:04:12 - INFO - [Recognition] Đã khởi tạo (GPU=True, FPS=60)
2026-08-28 13:04:12 - INFO - [UI] Tạo trang quản lý...
2026-08-28 13:04:12 - INFO - [Database] Đã tải 1 người dùng
2026-08-28 13:04:12 - INFO - [Database] Đã khởi tạo
2026-08-28 13:04:12 - INFO - [UI] Tạo trang cài đặt...
2026-08-28 13:04:12 - INFO - [Recognition] Active: TẮT
2026-08-28 13:04:12 - INFO - [Recognition] Active: TẮT
2026-08-28 13:04:15 - INFO - [Registration] Active: BẬT
2026-08-28 13:04:15 - INFO - [UI] Giao diện đã tạo xong
2026-08-28 13:04:15 - INFO - [UI] MainWindow khởi tạo thành công! (FPS=60)
2026-08-28 13:04:16 - INFO - ✅ Giao diện đã hiển thị
2026-08-28 13:04:17 - INFO - [Registration] Active: TẮT
2026-08-28 13:04:17 - INFO - [Recognition] Active: BẬT
2026-08-28 13:04:19 - INFO - [TTS] Đang phát tiếng Việt: nhận diện thành công nguyễn ho...
2026-08-28 13:04:19 - INFO - [Recognition] Đã phát giọng nói: nhận diện thành công nguyễn hoàng anh
2026-08-28 13:04:20 - INFO - [TTS] pygame.mixer đã khởi tạo
2026-08-28 13:04:22 - INFO - [TTS] Đang phát tiếng Việt: nhận diện thành công nguyễn ho...
2026-08-28 13:04:22 - INFO - [Recognition] Đã phát giọng nói: nhận diện thành công nguyễn hoàng anh
2026-08-28 13:04:23 - INFO - [TTS] ✅ Đã phát xong tiếng Việt: nhận diện thành công nguyễn ho...
2026-08-28 13:04:25 - INFO - [TTS] ✅ Đã phát xong tiếng Việt: nhận diện thành công nguyễn ho...
2026-08-28 13:04:26 - INFO - [TTS] Đang phát tiếng Việt: nhận diện thành công nguyễn ho...
2026-08-28 13:04:26 - INFO - [Recognition] Đã phát giọng nói: nhận diện thành công nguyễn hoàng anh
2026-08-28 13:04:29 - INFO - [TTS] ✅ Đã phát xong tiếng Việt: nhận diện thành công nguyễn ho...
2026-08-28 13:04:30 - INFO - [TTS] Đang phát tiếng Việt: nhận diện thành công nguyễn ho...
2026-08-28 13:04:30 - INFO - [Recognition] Đã phát giọng nói: nhận diện thành công nguyễn hoàng anh
2026-08-28 13:04:30 - INFO - [UI] Đang đóng cửa sổ...
2026-08-28 13:04:37 - INFO - 🔄 Bắt đầu chương trình...
2026-08-28 13:04:37 - INFO - ============================================================
2026-08-28 13:04:37 - INFO - FACESECURE - KHỞI TẠO HỆ THỐNG
2026-08-28 13:04:37 - INFO - ============================================================
2026-08-28 13:04:37 - INFO - [1] Khởi tạo cơ sở dữ liệu...
2026-08-28 13:04:37 - INFO -     Đã tải 1 người dùng
2026-08-28 13:04:37 - INFO - [2] Khởi tạo MTCNN...
2026-08-28 13:04:38 - INFO -     OK
2026-08-28 13:04:38 - INFO - [3] Khởi tạo FaceNet...
2026-08-28 13:04:38 - INFO -     OK
2026-08-28 13:04:38 - INFO - [4] Khởi tạo Face Matcher...
2026-08-28 13:04:38 - INFO -     OK
2026-08-28 13:04:38 - INFO - [5] Khởi tạo Face Recognizer...
2026-08-28 13:04:38 - INFO - [Recognizer] Khởi tạo với phương pháp: cosine
2026-08-28 13:04:38 - INFO -     OK
2026-08-28 13:04:38 - INFO - [6] Khởi tạo Services...
2026-08-28 13:04:38 - INFO -     Đăng ký      : OK
2026-08-28 13:04:38 - INFO -     Nhận dạng 1:N : OK
2026-08-28 13:04:38 - INFO -     Xác minh 1:1  : OK
2026-08-28 13:04:38 - INFO - [7] Khởi tạo Face API...
2026-08-28 13:04:38 - INFO -     OK
2026-08-28 13:04:38 - INFO - [8] Khởi tạo Database API...
2026-08-28 13:04:38 - INFO -     OK
2026-08-28 13:04:38 - INFO - ============================================================
2026-08-28 13:04:38 - INFO - ✅ KHỞI TẠO HỆ THỐNG THÀNH CÔNG
2026-08-28 13:04:38 - INFO - ============================================================
2026-08-28 13:04:38 - INFO - 🔄 Đang khởi tạo giao diện...
2026-08-28 13:04:38 - INFO - [UI] Bắt đầu khởi tạo MainWindow...
2026-08-28 13:04:38 - INFO - [UI] Đang tạo giao diện...
2026-08-28 13:04:38 - INFO - [UI] Tạo trang đăng ký...
2026-08-28 13:04:38 - INFO - [Registration] Đã khởi tạo (GPU=True)
2026-08-28 13:04:38 - INFO - [UI] Tạo trang nhận dạng...
2026-08-28 13:04:38 - INFO - [Recognition] Đã tìm thấy font: C:/Windows/Fonts/arial.ttf
2026-08-28 13:04:39 - INFO - [Recognition] Đã khởi tạo (GPU=True, FPS=60)
2026-08-28 13:04:39 - INFO - [UI] Tạo trang quản lý...
2026-08-28 13:04:39 - INFO - [Database] Đã tải 1 người dùng
2026-08-28 13:04:39 - INFO - [Database] Đã khởi tạo
2026-08-28 13:04:39 - INFO - [UI] Tạo trang cài đặt...
2026-08-28 13:04:39 - INFO - [Recognition] Active: TẮT
2026-08-28 13:04:39 - INFO - [Recognition] Active: TẮT
2026-08-28 13:04:42 - INFO - [Registration] Active: BẬT
2026-08-28 13:04:42 - INFO - [UI] Giao diện đã tạo xong
2026-08-28 13:04:42 - INFO - [UI] MainWindow khởi tạo thành công! (FPS=60)
2026-08-28 13:04:43 - INFO - ✅ Giao diện đã hiển thị
2026-08-28 13:04:49 - INFO - [Registration] Active: TẮT
2026-08-28 13:04:49 - INFO - [Recognition] Active: BẬT
2026-08-28 13:04:51 - INFO - [TTS] Đang phát tiếng Việt: nhận diện thành công nguyễn ho...
2026-08-28 13:04:51 - INFO - [Recognition] Đã phát giọng nói: nhận diện thành công nguyễn hoàng anh
2026-08-28 13:04:53 - INFO - [TTS] pygame.mixer đã khởi tạo
2026-08-28 13:04:54 - INFO - [TTS] Đang phát tiếng Việt: nhận diện thành công nguyễn ho...
2026-08-28 13:04:54 - INFO - [Recognition] Đã phát giọng nói: nhận diện thành công nguyễn hoàng anh
2026-08-28 13:04:55 - INFO - [TTS] ✅ Đã phát xong tiếng Việt: nhận diện thành công nguyễn ho...
2026-08-28 13:04:58 - INFO - [TTS] ✅ Đã phát xong tiếng Việt: nhận diện thành công nguyễn ho...
2026-08-28 13:04:58 - INFO - [TTS] Đang phát tiếng Việt: nhận diện thành công nguyễn ho...
2026-08-28 13:04:58 - INFO - [Recognition] Đã phát giọng nói: nhận diện thành công nguyễn hoàng anh
2026-08-28 13:05:01 - INFO - [TTS] Đang phát tiếng Việt: nhận diện thành công nguyễn ho...
2026-08-28 13:05:01 - INFO - [Recognition] Đã phát giọng nói: nhận diện thành công nguyễn hoàng anh
2026-08-28 13:05:01 - INFO - [TTS] ✅ Đã phát xong tiếng Việt: nhận diện thành công nguyễn ho...
2026-08-28 13:05:04 - INFO - [TTS] ✅ Đã phát xong tiếng Việt: nhận diện thành công nguyễn ho...
2026-08-28 13:05:04 - INFO - [TTS] Đang phát tiếng Việt: nhận diện thành công nguyễn ho...
2026-08-28 13:05:04 - INFO - [Recognition] Đã phát giọng nói: nhận diện thành công nguyễn hoàng anh
2026-08-28 13:05:08 - INFO - [TTS] ✅ Đã phát xong tiếng Việt: nhận diện thành công nguyễn ho...
2026-08-28 13:05:08 - INFO - [TTS] Đang phát tiếng Việt: nhận diện thành công nguyễn ho...
2026-08-28 13:05:08 - INFO - [Recognition] Đã phát giọng nói: nhận diện thành công nguyễn hoàng anh
2026-08-28 13:05:11 - INFO - [TTS] ✅ Đã phát xong tiếng Việt: nhận diện thành công nguyễn ho...
2026-08-28 13:05:12 - INFO - [TTS] Đang phát tiếng Việt: nhận diện thành công nguyễn ho...
2026-08-28 13:05:12 - INFO - [Recognition] Đã phát giọng nói: nhận diện thành công nguyễn hoàng anh
2026-08-28 13:05:15 - INFO - [TTS] ✅ Đã phát xong tiếng Việt: nhận diện thành công nguyễn ho...
2026-08-28 13:05:15 - INFO - [TTS] Đang phát tiếng Việt: nhận diện thành công nguyễn ho...
2026-08-28 13:05:15 - INFO - [Recognition] Đã phát giọng nói: nhận diện thành công nguyễn hoàng anh
2026-08-28 13:05:16 - INFO - [Recognition] Tắt tự động quét
2026-08-28 13:05:16 - INFO - [TTS] Đang phát tiếng Việt: nhận diện thành công nguyễn ho...
2026-08-28 13:05:16 - INFO - [Recognition] Đã phát giọng nói: nhận diện thành công nguyễn hoàng anh
2026-08-28 13:05:18 - INFO - [TTS] ✅ Đã phát xong tiếng Việt: nhận diện thành công nguyễn ho...
2026-08-28 13:05:21 - INFO - [TTS] ✅ Đã phát xong tiếng Việt: nhận diện thành công nguyễn ho...
2026-08-28 13:05:25 - INFO - [TTS] Đang phát tiếng Việt: Xác minh thành công,nguyễn hoà...
2026-08-28 13:05:25 - INFO - [Recognition] Đã phát giọng nói: Xác minh thành công,nguyễn hoàng anh
2026-08-28 13:05:29 - INFO - [TTS] ✅ Đã phát xong tiếng Việt: Xác minh thành công,nguyễn hoà...
2026-08-28 13:05:32 - INFO - [Registration] Active: TẮT
2026-08-28 13:05:32 - INFO - [Recognition] Active: TẮT
2026-08-28 13:05:32 - INFO - [Recognition] Active: TẮT
2026-08-28 13:05:32 - INFO - [UI] Camera paused
2026-08-28 13:05:34 - INFO - [Recognition] Active: TẮT
2026-08-28 13:05:34 - INFO - [Recognition] Active: TẮT
2026-08-28 13:05:34 - INFO - [Registration] Active: BẬT
2026-08-28 13:05:40 - INFO - [Registration] Active: TẮT
2026-08-28 13:05:40 - INFO - [Recognition] Active: TẮT
2026-08-28 13:05:40 - INFO - [Recognition] Active: TẮT
2026-08-28 13:05:40 - INFO - [UI] Camera paused
2026-08-28 13:05:41 - INFO - [Registration] Active: TẮT
2026-08-28 13:05:41 - INFO - [Recognition] Active: TẮT
2026-08-28 13:05:41 - INFO - [Recognition] Active: TẮT
2026-08-28 13:05:41 - INFO - [UI] Camera paused
2026-08-28 13:05:41 - INFO - [Database] Đã tải 1 người dùng
2026-08-28 13:05:42 - INFO - [Database] Phát hiện thay đổi, refresh cache...
2026-08-28 13:05:42 - INFO - [Recognizer] Đã làm mới cache
2026-08-28 13:05:42 - INFO - [Database] Cache đã được refresh
2026-08-28 13:05:42 - INFO - [Database] Phát hiện thay đổi, refresh cache...
2026-08-28 13:05:42 - INFO - [Recognizer] Đã làm mới cache
2026-08-28 13:05:42 - INFO - [Database] Cache đã được refresh
2026-08-28 13:05:42 - INFO - [Database] Đã gửi yêu cầu refresh cache
2026-08-28 13:05:42 - INFO - [Database] Đã tải 0 người dùng
2026-08-28 13:05:42 - INFO - [Database] Đã xóa ID 1
2026-08-28 13:05:43 - INFO - [Recognition] Active: TẮT
2026-08-28 13:05:43 - INFO - [Recognition] Active: TẮT
2026-08-28 13:05:43 - INFO - [Registration] Active: BẬT
2026-08-28 13:05:45 - INFO - [Registration] Bắt đầu đăng ký
2026-08-28 13:06:06 - INFO - [Registration] Bắt đầu đăng ký với 20 embedding
2026-08-28 13:06:06 - INFO - [Embedder] ✅ Tạo embedding đại diện từ 20 embedding
2026-08-28 13:06:06 - INFO - [Database] Phát hiện thay đổi, refresh cache...
2026-08-28 13:06:06 - INFO - [Recognizer] Đã làm mới cache
2026-08-28 13:06:06 - INFO - [Database] Cache đã được refresh
2026-08-28 13:06:06 - INFO - [Registration] Đăng ký thành công cho 1 (ID: 1)
2026-08-28 13:06:06 - INFO -   - Số embedding: 20
2026-08-28 13:06:06 - INFO -   - Norm: 1.0000
2026-08-28 13:06:08 - INFO - [Registration] Đăng ký thành công
2026-08-28 13:06:08 - INFO - [Registration] Đã làm mới form
2026-08-28 13:06:09 - INFO - [Registration] Active: TẮT
2026-08-28 13:06:09 - INFO - [Recognition] Active: BẬT
2026-08-28 13:06:15 - INFO - [Recognition] Bật tự động quét
2026-08-28 13:06:16 - INFO - [TTS] Đang phát tiếng Việt: nhận diện thành công 1...
2026-08-28 13:06:16 - INFO - [Recognition] Đã phát giọng nói: nhận diện thành công 1
2026-08-28 13:06:19 - INFO - [TTS] ✅ Đã phát xong tiếng Việt: nhận diện thành công 1...
2026-08-28 13:06:20 - INFO - [TTS] Đang phát tiếng Việt: nhận diện thành công 1...
2026-08-28 13:06:20 - INFO - [Recognition] Đã phát giọng nói: nhận diện thành công 1
2026-08-28 13:06:22 - INFO - [TTS] ✅ Đã phát xong tiếng Việt: nhận diện thành công 1...
2026-08-28 13:06:24 - INFO - [TTS] Đang phát tiếng Việt: nhận diện thành công 1...
2026-08-28 13:06:24 - INFO - [Recognition] Đã phát giọng nói: nhận diện thành công 1
2026-08-28 13:06:24 - INFO - [Recognition] Tắt tự động quét
2026-08-28 13:06:25 - INFO - [TTS] Đang phát tiếng Việt: nhận diện thành công 1...
2026-08-28 13:06:25 - INFO - [Recognition] Đã phát giọng nói: nhận diện thành công 1
2026-08-28 13:06:26 - INFO - [TTS] ✅ Đã phát xong tiếng Việt: nhận diện thành công 1...
2026-08-28 13:06:28 - INFO - [TTS] ✅ Đã phát xong tiếng Việt: nhận diện thành công 1...
2026-08-28 13:06:35 - INFO - [TTS] Đang phát tiếng Việt: Xác minh thành công,1...
2026-08-28 13:06:35 - INFO - [Recognition] Đã phát giọng nói: Xác minh thành công,1
2026-08-28 13:06:38 - INFO - [TTS] ✅ Đã phát xong tiếng Việt: Xác minh thành công,1...
2026-08-28 13:06:38 - INFO - [Registration] Active: TẮT
2026-08-28 13:06:38 - INFO - [Recognition] Active: TẮT
2026-08-28 13:06:38 - INFO - [Recognition] Active: TẮT
2026-08-28 13:06:38 - INFO - [UI] Camera paused
2026-08-28 13:06:38 - INFO - [Database] Đã tải 1 người dùng
2026-08-28 13:06:39 - INFO - [Recognition] Active: TẮT
2026-08-28 13:06:39 - INFO - [Recognition] Active: TẮT
2026-08-28 13:06:39 - INFO - [Registration] Active: BẬT
2026-08-28 13:06:40 - INFO - [Registration] Active: TẮT
2026-08-28 13:06:40 - INFO - [Recognition] Active: BẬT
2026-08-28 13:06:53 - INFO - [UI] Đang đóng cửa sổ...
2026-08-28 13:17:25 - INFO - 🔄 Bắt đầu chương trình...
2026-08-28 13:17:25 - INFO - ============================================================
2026-08-28 13:17:25 - INFO - FACESECURE - KHỞI TẠO HỆ THỐNG
2026-08-28 13:17:25 - INFO - ============================================================
2026-08-28 13:17:25 - INFO - [1] Khởi tạo cơ sở dữ liệu...
2026-08-28 13:17:25 - INFO -     Đã tải 1 người dùng
2026-08-28 13:17:25 - INFO - [2] Khởi tạo MTCNN...
2026-08-28 13:17:26 - INFO -     OK
2026-08-28 13:17:26 - INFO - [3] Khởi tạo FaceNet...
2026-08-28 13:17:26 - INFO -     OK
2026-08-28 13:17:26 - INFO - [4] Khởi tạo Face Matcher...
2026-08-28 13:17:26 - INFO -     OK
2026-08-28 13:17:26 - INFO - [5] Khởi tạo Face Recognizer...
2026-08-28 13:17:26 - INFO - [Recognizer] Khởi tạo với phương pháp: cosine
2026-08-28 13:17:26 - INFO -     OK
2026-08-28 13:17:26 - INFO - [6] Khởi tạo Services...
2026-08-28 13:17:26 - INFO -     Đăng ký      : OK
2026-08-28 13:17:26 - INFO -     Nhận dạng 1:N : OK
2026-08-28 13:17:26 - INFO -     Xác minh 1:1  : OK
2026-08-28 13:17:26 - INFO - [7] Khởi tạo Face API...
2026-08-28 13:17:26 - INFO -     OK
2026-08-28 13:17:26 - INFO - [8] Khởi tạo Database API...
2026-08-28 13:17:26 - INFO -     OK
2026-08-28 13:17:26 - INFO - ============================================================
2026-08-28 13:17:26 - INFO - ✅ KHỞI TẠO HỆ THỐNG THÀNH CÔNG
2026-08-28 13:17:26 - INFO - ============================================================
2026-08-28 13:17:26 - INFO - 🔄 Đang khởi tạo giao diện...
2026-08-28 13:17:26 - INFO - [UI] Bắt đầu khởi tạo MainWindow...
2026-08-28 13:17:26 - INFO - [UI] Đang tạo giao diện...
2026-08-28 13:17:26 - INFO - [UI] Tạo trang đăng ký...
2026-08-28 13:17:26 - INFO - [Registration] Đã khởi tạo (GPU=True)
2026-08-28 13:17:26 - INFO - [UI] Tạo trang nhận dạng...
2026-08-28 13:17:26 - INFO - [Recognition] Đã tìm thấy font: C:/Windows/Fonts/arial.ttf
2026-08-28 13:17:27 - INFO - [Recognition] Đã khởi tạo (GPU=True, FPS=60)
2026-08-28 13:17:27 - INFO - [UI] Tạo trang quản lý...
2026-08-28 13:17:27 - INFO - [Database] Đã tải 1 người dùng
2026-08-28 13:17:27 - INFO - [Database] Đã khởi tạo
2026-08-28 13:17:27 - INFO - [UI] Tạo trang cài đặt...
2026-08-28 13:17:27 - INFO - [Recognition] Active: TẮT
2026-08-28 13:17:27 - INFO - [Recognition] Active: TẮT
2026-08-28 13:17:30 - INFO - [Registration] Active: BẬT
2026-08-28 13:17:30 - INFO - [UI] Giao diện đã tạo xong
2026-08-28 13:17:30 - INFO - [UI] MainWindow khởi tạo thành công! (FPS=60)
2026-08-28 13:17:30 - INFO - ✅ Giao diện đã hiển thị
2026-08-28 13:17:33 - INFO - [Registration] Active: TẮT
2026-08-28 13:17:33 - INFO - [Recognition] Active: BẬT
2026-08-28 13:17:35 - INFO - [TTS] Đang phát tiếng Việt: nhận diện thành công 1...
2026-08-28 13:17:35 - INFO - [Recognition] Đã phát giọng nói: nhận diện thành công 1
2026-08-28 13:17:36 - INFO - [TTS] pygame.mixer đã khởi tạo
2026-08-28 13:17:38 - INFO - [TTS] ✅ Đã phát xong tiếng Việt: nhận diện thành công 1...
2026-08-28 13:17:39 - INFO - [TTS] Đang phát tiếng Việt: nhận diện thành công 1...
2026-08-28 13:17:39 - INFO - [Recognition] Đã phát giọng nói: nhận diện thành công 1
2026-08-28 13:17:41 - INFO - [TTS] ✅ Đã phát xong tiếng Việt: nhận diện thành công 1...
2026-08-28 13:17:42 - INFO - [TTS] Đang phát tiếng Việt: nhận diện thành công 1...
2026-08-28 13:17:42 - INFO - [Recognition] Đã phát giọng nói: nhận diện thành công 1
2026-08-28 13:17:44 - INFO - [TTS] ✅ Đã phát xong tiếng Việt: nhận diện thành công 1...
2026-08-28 13:17:45 - INFO - [TTS] Đang phát tiếng Việt: nhận diện thành công 1...
2026-08-28 13:17:45 - INFO - [Recognition] Đã phát giọng nói: nhận diện thành công 1
2026-08-28 13:17:47 - INFO - [TTS] ✅ Đã phát xong tiếng Việt: nhận diện thành công 1...
2026-08-28 13:17:48 - INFO - [TTS] Đang phát tiếng Việt: nhận diện thành công 1...
2026-08-28 13:17:48 - INFO - [Recognition] Đã phát giọng nói: nhận diện thành công 1
2026-08-28 13:17:50 - INFO - [TTS] ✅ Đã phát xong tiếng Việt: nhận diện thành công 1...
2026-08-28 13:17:52 - INFO - [TTS] Đang phát tiếng Việt: nhận diện thành công 1...
2026-08-28 13:17:52 - INFO - [Recognition] Đã phát giọng nói: nhận diện thành công 1
2026-08-28 13:17:55 - INFO - [TTS] ✅ Đã phát xong tiếng Việt: nhận diện thành công 1...
2026-08-28 13:17:56 - INFO - [TTS] Đang phát tiếng Việt: Người lạ, không xác định...
2026-08-28 13:17:56 - INFO - [Recognition] Đã phát giọng nói: Người lạ, không xác định
2026-08-28 13:17:58 - INFO - [TTS] ✅ Đã phát xong tiếng Việt: Người lạ, không xác định...
2026-08-28 13:17:59 - INFO - [TTS] Đang phát tiếng Việt: Người lạ, không xác định...
2026-08-28 13:17:59 - INFO - [Recognition] Đã phát giọng nói: Người lạ, không xác định
2026-08-28 13:18:02 - INFO - [TTS] ✅ Đã phát xong tiếng Việt: Người lạ, không xác định...
2026-08-28 13:18:15 - INFO - [TTS] Đang phát tiếng Việt: Người lạ, không xác định...
2026-08-28 13:18:15 - INFO - [Recognition] Đã phát giọng nói: Người lạ, không xác định
2026-08-28 13:18:18 - INFO - [TTS] ✅ Đã phát xong tiếng Việt: Người lạ, không xác định...
2026-08-28 13:18:18 - INFO - [TTS] Đang phát tiếng Việt: Người lạ, không xác định...
2026-08-28 13:18:18 - INFO - [Recognition] Đã phát giọng nói: Người lạ, không xác định
2026-08-28 13:18:20 - INFO - [TTS] ✅ Đã phát xong tiếng Việt: Người lạ, không xác định...
2026-08-28 13:18:21 - INFO - [TTS] Đang phát tiếng Việt: Người lạ, không xác định...
2026-08-28 13:18:21 - INFO - [Recognition] Đã phát giọng nói: Người lạ, không xác định
2026-08-28 13:18:24 - INFO - [TTS] ✅ Đã phát xong tiếng Việt: Người lạ, không xác định...
2026-08-28 13:18:24 - INFO - [TTS] Đang phát tiếng Việt: Người lạ, không xác định...
2026-08-28 13:18:24 - INFO - [Recognition] Đã phát giọng nói: Người lạ, không xác định
2026-08-28 13:18:25 - INFO - [TTS] Đang phát tiếng Việt: nhận diện thành công 1...
2026-08-28 13:18:25 - INFO - [Recognition] Đã phát giọng nói: nhận diện thành công 1
2026-08-28 13:18:26 - INFO - [TTS] Đang phát tiếng Việt: Người lạ, không xác định...
2026-08-28 13:18:26 - INFO - [Recognition] Đã phát giọng nói: Người lạ, không xác định
2026-08-28 13:18:27 - INFO - [TTS] ✅ Đã phát xong tiếng Việt: Người lạ, không xác định...
2026-08-28 13:18:28 - INFO - [TTS] Đang phát tiếng Việt: nhận diện thành công 1...
2026-08-28 13:18:28 - INFO - [Recognition] Đã phát giọng nói: nhận diện thành công 1
2026-08-28 13:18:29 - INFO - [TTS] ✅ Đã phát xong tiếng Việt: nhận diện thành công 1...
2026-08-28 13:18:30 - INFO - [TTS] Đang phát tiếng Việt: Người lạ, không xác định...
2026-08-28 13:18:30 - INFO - [Recognition] Đã phát giọng nói: Người lạ, không xác định
2026-08-28 13:18:31 - INFO - [TTS] ✅ Đã phát xong tiếng Việt: Người lạ, không xác định...
2026-08-28 13:18:31 - INFO - [TTS] Đang phát tiếng Việt: nhận diện thành công 1...
2026-08-28 13:18:31 - INFO - [Recognition] Đã phát giọng nói: nhận diện thành công 1
2026-08-28 13:18:33 - INFO - [TTS] ✅ Đã phát xong tiếng Việt: nhận diện thành công 1...
2026-08-28 13:18:35 - INFO - [TTS] Đang phát tiếng Việt: nhận diện thành công 1...
2026-08-28 13:18:35 - INFO - [Recognition] Đã phát giọng nói: nhận diện thành công 1
2026-08-28 13:18:35 - INFO - [TTS] ✅ Đã phát xong tiếng Việt: Người lạ, không xác định...
2026-08-28 13:18:37 - INFO - [TTS] ✅ Đã phát xong tiếng Việt: nhận diện thành công 1...
2026-08-28 13:18:38 - INFO - [TTS] Đang phát tiếng Việt: nhận diện thành công 1...
2026-08-28 13:18:38 - INFO - [Recognition] Đã phát giọng nói: nhận diện thành công 1
2026-08-28 13:18:39 - INFO - [TTS] ✅ Đã phát xong tiếng Việt: nhận diện thành công 1...
2026-08-28 13:18:41 - INFO - [TTS] Đang phát tiếng Việt: nhận diện thành công 1...
2026-08-28 13:18:41 - INFO - [Recognition] Đã phát giọng nói: nhận diện thành công 1
2026-08-28 13:18:42 - INFO - [TTS] ✅ Đã phát xong tiếng Việt: nhận diện thành công 1...
2026-08-28 13:18:44 - INFO - [TTS] ✅ Đã phát xong tiếng Việt: nhận diện thành công 1...
2026-08-28 13:18:44 - INFO - [TTS] Đang phát tiếng Việt: nhận diện thành công 1...
2026-08-28 13:18:44 - INFO - [Recognition] Đã phát giọng nói: nhận diện thành công 1
2026-08-28 13:18:47 - INFO - [TTS] ✅ Đã phát xong tiếng Việt: nhận diện thành công 1...
2026-08-28 13:18:48 - INFO - [TTS] Đang phát tiếng Việt: nhận diện thành công 1...
2026-08-28 13:18:48 - INFO - [Recognition] Đã phát giọng nói: nhận diện thành công 1
2026-08-28 13:18:51 - INFO - [TTS] ✅ Đã phát xong tiếng Việt: nhận diện thành công 1...
2026-08-28 13:18:51 - INFO - [TTS] Đang phát tiếng Việt: nhận diện thành công 1...
2026-08-28 13:18:51 - INFO - [Recognition] Đã phát giọng nói: nhận diện thành công 1
2026-08-28 13:18:54 - INFO - [TTS] ✅ Đã phát xong tiếng Việt: nhận diện thành công 1...
2026-08-28 13:18:55 - INFO - [TTS] Đang phát tiếng Việt: nhận diện thành công 1...
2026-08-28 13:18:55 - INFO - [Recognition] Đã phát giọng nói: nhận diện thành công 1
2026-08-28 13:18:57 - INFO - [TTS] ✅ Đã phát xong tiếng Việt: nhận diện thành công 1...
2026-08-28 13:18:58 - INFO - [TTS] Đang phát tiếng Việt: nhận diện thành công 1...
2026-08-28 13:18:58 - INFO - [Recognition] Đã phát giọng nói: nhận diện thành công 1
2026-08-28 13:19:01 - INFO - [TTS] ✅ Đã phát xong tiếng Việt: nhận diện thành công 1...
2026-08-28 13:19:02 - INFO - [TTS] Đang phát tiếng Việt: nhận diện thành công 1...
2026-08-28 13:19:02 - INFO - [Recognition] Đã phát giọng nói: nhận diện thành công 1
2026-08-28 13:19:05 - INFO - [TTS] ✅ Đã phát xong tiếng Việt: nhận diện thành công 1...
2026-08-28 13:19:06 - INFO - [TTS] Đang phát tiếng Việt: nhận diện thành công 1...
2026-08-28 13:19:06 - INFO - [Recognition] Đã phát giọng nói: nhận diện thành công 1
2026-08-28 13:19:09 - INFO - [TTS] ✅ Đã phát xong tiếng Việt: nhận diện thành công 1...
2026-08-28 13:19:09 - INFO - [TTS] Đang phát tiếng Việt: nhận diện thành công 1...
2026-08-28 13:19:09 - INFO - [Recognition] Đã phát giọng nói: nhận diện thành công 1
2026-08-28 13:19:12 - INFO - [TTS] ✅ Đã phát xong tiếng Việt: nhận diện thành công 1...
2026-08-28 13:19:13 - INFO - [TTS] Đang phát tiếng Việt: nhận diện thành công 1...
2026-08-28 13:19:13 - INFO - [Recognition] Đã phát giọng nói: nhận diện thành công 1
2026-08-28 13:19:17 - INFO - [TTS] ✅ Đã phát xong tiếng Việt: nhận diện thành công 1...
2026-08-28 13:19:17 - INFO - [TTS] Đang phát tiếng Việt: nhận diện thành công 1...
2026-08-28 13:19:17 - INFO - [Recognition] Đã phát giọng nói: nhận diện thành công 1
2026-08-28 13:19:19 - INFO - [TTS] Đang phát tiếng Việt: Người lạ, không xác định...
2026-08-28 13:19:19 - INFO - [Recognition] Đã phát giọng nói: Người lạ, không xác định
2026-08-28 13:19:19 - INFO - [TTS] Đang phát tiếng Việt: nhận diện thành công 1...
2026-08-28 13:19:19 - INFO - [Recognition] Đã phát giọng nói: nhận diện thành công 1
2026-08-28 13:19:20 - INFO - [TTS] ✅ Đã phát xong tiếng Việt: nhận diện thành công 1...
2026-08-28 13:19:21 - INFO - [TTS] Đang phát tiếng Việt: Người lạ, không xác định...
2026-08-28 13:19:21 - INFO - [Recognition] Đã phát giọng nói: Người lạ, không xác định
2026-08-28 13:19:22 - INFO - [TTS] ✅ Đã phát xong tiếng Việt: Người lạ, không xác định...
2026-08-28 13:19:22 - INFO - [TTS] Đang phát tiếng Việt: nhận diện thành công 1...
2026-08-28 13:19:22 - INFO - [Recognition] Đã phát giọng nói: nhận diện thành công 1
2026-08-28 13:19:24 - INFO - [TTS] ✅ Đã phát xong tiếng Việt: nhận diện thành công 1...
2026-08-28 13:19:25 - INFO - [UI] Đang đóng cửa sổ...
2026-08-28 13:19:26 - INFO - [TTS] Đang phát tiếng Việt: nhận diện thành công 1...
2026-08-28 13:19:26 - INFO - [Recognition] Đã phát giọng nói: nhận diện thành công 1
2026-08-28 13:19:26 - INFO - [TTS] ✅ Đã phát xong tiếng Việt: Người lạ, không xác định...
2026-08-28 13:19:26 - ERROR - [TTS] Lỗi phát âm thanh: Invalid audio device ID
2026-08-28 13:19:26 - INFO - [TTS] ✅ Đã phát xong tiếng Việt: nhận diện thành công 1...
2026-08-28 13:28:50 - INFO - 🔄 Bắt đầu chương trình...
2026-08-28 13:28:50 - INFO - ============================================================
2026-08-28 13:28:50 - INFO - FACESECURE - KHỞI TẠO HỆ THỐNG
2026-08-28 13:28:50 - INFO - ============================================================
2026-08-28 13:28:50 - INFO - [1] Khởi tạo cơ sở dữ liệu...
2026-08-28 13:28:50 - INFO -     Đã tải 1 người dùng
2026-08-28 13:28:50 - INFO - [2] Khởi tạo MTCNN...
2026-08-28 13:28:51 - INFO -     OK
2026-08-28 13:28:51 - INFO - [3] Khởi tạo FaceNet...
2026-08-28 13:28:51 - INFO -     OK
2026-08-28 13:28:51 - INFO - [4] Khởi tạo Face Matcher...
2026-08-28 13:28:51 - INFO -     OK
2026-08-28 13:28:51 - INFO - [5] Khởi tạo Face Recognizer...
2026-08-28 13:28:51 - INFO - [Recognizer] Khởi tạo với phương pháp: cosine
2026-08-28 13:28:51 - INFO -     OK
2026-08-28 13:28:51 - INFO - [6] Khởi tạo Services...
2026-08-28 13:28:51 - INFO -     Đăng ký      : OK
2026-08-28 13:28:51 - INFO -     Nhận dạng 1:N : OK
2026-08-28 13:28:51 - INFO -     Xác minh 1:1  : OK
2026-08-28 13:28:51 - INFO - [7] Khởi tạo Face API...
2026-08-28 13:28:51 - INFO -     OK
2026-08-28 13:28:51 - INFO - [8] Khởi tạo Database API...
2026-08-28 13:28:51 - INFO -     OK
2026-08-28 13:28:51 - INFO - ============================================================
2026-08-28 13:28:51 - INFO - ✅ KHỞI TẠO HỆ THỐNG THÀNH CÔNG
2026-08-28 13:28:51 - INFO - ============================================================
2026-08-28 13:28:51 - INFO - 🔄 Đang khởi tạo giao diện...
2026-08-28 13:28:51 - INFO - [UI] Bắt đầu khởi tạo MainWindow...
2026-08-28 13:28:51 - INFO - [UI] Đang tạo giao diện...
2026-08-28 13:28:51 - INFO - [UI] Tạo trang đăng ký...
2026-08-28 13:28:51 - INFO - [Registration] Đã khởi tạo (GPU=True)
2026-08-28 13:28:51 - INFO - [UI] Tạo trang nhận dạng...
2026-08-28 13:28:51 - INFO - [Recognition] Đã tìm thấy font: C:/Windows/Fonts/arial.ttf
2026-08-28 13:28:52 - INFO - [Recognition] Đã khởi tạo (GPU=True, FPS=60)
2026-08-28 13:28:52 - INFO - [UI] Tạo trang quản lý...
2026-08-28 13:28:52 - INFO - [Database] Đã tải 1 người dùng
2026-08-28 13:28:52 - INFO - [Database] Đã khởi tạo
2026-08-28 13:28:52 - INFO - [UI] Tạo trang cài đặt...
2026-08-28 13:28:52 - INFO - [Recognition] Active: TẮT
2026-08-28 13:28:52 - INFO - [Recognition] Active: TẮT
2026-08-28 13:28:55 - INFO - [Registration] Active: BẬT
2026-08-28 13:28:55 - INFO - [UI] Giao diện đã tạo xong
2026-08-28 13:28:55 - INFO - [UI] MainWindow khởi tạo thành công! (FPS=60)
2026-08-28 13:28:56 - INFO - ✅ Giao diện đã hiển thị
2026-08-28 13:29:00 - INFO - [Registration] Active: TẮT
2026-08-28 13:29:00 - INFO - [Recognition] Active: BẬT
2026-08-28 13:29:03 - INFO - [TTS] Đang phát tiếng Việt: Người lạ, không xác định...
2026-08-28 13:29:03 - INFO - [Recognition] Đã phát giọng nói: Người lạ, không xác định
2026-08-28 13:29:04 - INFO - [TTS] pygame.mixer đã khởi tạo
2026-08-28 13:29:06 - INFO - [TTS] Đang phát tiếng Việt: nhận diện thành công 1...
2026-08-28 13:29:06 - INFO - [Recognition] Đã phát giọng nói: nhận diện thành công 1
2026-08-28 13:29:07 - INFO - [TTS] ✅ Đã phát xong tiếng Việt: Người lạ, không xác định...
2026-08-28 13:29:09 - INFO - [TTS] ✅ Đã phát xong tiếng Việt: nhận diện thành công 1...
2026-08-28 13:29:10 - INFO - [TTS] Đang phát tiếng Việt: nhận diện thành công 1...
2026-08-28 13:29:10 - INFO - [Recognition] Đã phát giọng nói: nhận diện thành công 1
2026-08-28 13:29:12 - INFO - [TTS] Đang phát tiếng Việt: Người lạ, không xác định...
2026-08-28 13:29:12 - INFO - [Recognition] Đã phát giọng nói: Người lạ, không xác định
2026-08-28 13:29:13 - INFO - [TTS] ✅ Đã phát xong tiếng Việt: nhận diện thành công 1...
2026-08-28 13:29:15 - INFO - [TTS] ✅ Đã phát xong tiếng Việt: Người lạ, không xác định...
2026-08-28 13:29:16 - INFO - [TTS] Đang phát tiếng Việt: nhận diện thành công 1...
2026-08-28 13:29:16 - INFO - [Recognition] Đã phát giọng nói: nhận diện thành công 1
2026-08-28 13:29:18 - INFO - [TTS] ✅ Đã phát xong tiếng Việt: nhận diện thành công 1...
2026-08-28 13:29:19 - INFO - [TTS] Đang phát tiếng Việt: nhận diện thành công 1...
2026-08-28 13:29:19 - INFO - [Recognition] Đã phát giọng nói: nhận diện thành công 1
2026-08-28 13:29:21 - INFO - [TTS] ✅ Đã phát xong tiếng Việt: nhận diện thành công 1...
2026-08-28 13:29:23 - INFO - [TTS] Đang phát tiếng Việt: nhận diện thành công 1...
2026-08-28 13:29:23 - INFO - [Recognition] Đã phát giọng nói: nhận diện thành công 1
2026-08-28 13:29:25 - INFO - [TTS] ✅ Đã phát xong tiếng Việt: nhận diện thành công 1...
2026-08-28 13:29:27 - INFO - [TTS] Đang phát tiếng Việt: nhận diện thành công 1...
2026-08-28 13:29:27 - INFO - [Recognition] Đã phát giọng nói: nhận diện thành công 1
2026-08-28 13:29:30 - INFO - [TTS] ✅ Đã phát xong tiếng Việt: nhận diện thành công 1...
2026-08-28 13:29:30 - INFO - [TTS] Đang phát tiếng Việt: nhận diện thành công 1...
2026-08-28 13:29:30 - INFO - [Recognition] Đã phát giọng nói: nhận diện thành công 1
2026-08-28 13:29:33 - INFO - [TTS] ✅ Đã phát xong tiếng Việt: nhận diện thành công 1...
2026-08-28 13:29:40 - INFO - [TTS] Đang phát tiếng Việt: nhận diện thành công 1...
2026-08-28 13:29:40 - INFO - [Recognition] Đã phát giọng nói: nhận diện thành công 1
2026-08-28 13:29:42 - INFO - [TTS] ✅ Đã phát xong tiếng Việt: nhận diện thành công 1...
2026-08-28 13:29:43 - INFO - [TTS] Đang phát tiếng Việt: nhận diện thành công 1...
2026-08-28 13:29:43 - INFO - [Recognition] Đã phát giọng nói: nhận diện thành công 1
2026-08-28 13:29:45 - INFO - [TTS] ✅ Đã phát xong tiếng Việt: nhận diện thành công 1...
2026-08-28 13:29:47 - INFO - [TTS] Đang phát tiếng Việt: nhận diện thành công 1...
2026-08-28 13:29:47 - INFO - [Recognition] Đã phát giọng nói: nhận diện thành công 1
2026-08-28 13:29:50 - INFO - [TTS] ✅ Đã phát xong tiếng Việt: nhận diện thành công 1...
2026-08-28 13:29:51 - INFO - [TTS] Đang phát tiếng Việt: nhận diện thành công 1...
2026-08-28 13:29:51 - INFO - [Recognition] Đã phát giọng nói: nhận diện thành công 1
2026-08-28 13:29:53 - INFO - [TTS] Đang phát tiếng Việt: Người lạ, không xác định...
2026-08-28 13:29:53 - INFO - [Recognition] Đã phát giọng nói: Người lạ, không xác định
2026-08-28 13:29:54 - INFO - [TTS] ✅ Đã phát xong tiếng Việt: nhận diện thành công 1...
2026-08-28 13:29:54 - INFO - [TTS] Đang phát tiếng Việt: nhận diện thành công 1...
2026-08-28 13:29:54 - INFO - [Recognition] Đã phát giọng nói: nhận diện thành công 1
2026-08-28 13:29:56 - INFO - [TTS] ✅ Đã phát xong tiếng Việt: Người lạ, không xác định...
2026-08-28 13:29:58 - INFO - [TTS] Đang phát tiếng Việt: nhận diện thành công 1...
2026-08-28 13:29:58 - INFO - [Recognition] Đã phát giọng nói: nhận diện thành công 1
2026-08-28 13:29:58 - INFO - [Registration] Active: TẮT
2026-08-28 13:29:58 - INFO - [Recognition] Active: TẮT
2026-08-28 13:29:58 - INFO - [Recognition] Active: TẮT
2026-08-28 13:29:58 - INFO - [UI] Camera paused
2026-08-28 13:29:58 - INFO - [Database] Đã tải 1 người dùng
2026-08-28 13:29:58 - INFO - [TTS] ✅ Đã phát xong tiếng Việt: nhận diện thành công 1...
2026-08-28 13:30:00 - INFO - [TTS] ✅ Đã phát xong tiếng Việt: nhận diện thành công 1...
2026-08-28 13:30:02 - INFO - [Registration] Active: TẮT
2026-08-28 13:30:02 - INFO - [Recognition] Active: TẮT
2026-08-28 13:30:02 - INFO - [Recognition] Active: TẮT
2026-08-28 13:30:02 - INFO - [UI] Camera paused
2026-08-28 13:30:11 - INFO - [Registration] Active: TẮT
2026-08-28 13:30:11 - INFO - [Recognition] Active: TẮT
2026-08-28 13:30:11 - INFO - [Recognition] Active: TẮT
2026-08-28 13:30:11 - INFO - [UI] Camera paused
2026-08-28 13:30:11 - INFO - [Database] Đã tải 1 người dùng
2026-08-28 13:30:13 - INFO - [Registration] Active: TẮT
2026-08-28 13:30:13 - INFO - [Recognition] Active: BẬT
2026-08-28 13:30:15 - INFO - [Recognition] Tắt tự động quét
2026-08-28 13:30:20 - INFO - [TTS] Đang phát tiếng Việt: Xác minh thất bại...
2026-08-28 13:30:20 - INFO - [Recognition] Đã phát giọng nói: Xác minh thất bại
2026-08-28 13:30:23 - INFO - [TTS] ✅ Đã phát xong tiếng Việt: Xác minh thất bại...
2026-08-28 13:30:27 - INFO - [TTS] Đang phát tiếng Việt: Xác minh thành công,1...
2026-08-28 13:30:27 - INFO - [Recognition] Đã phát giọng nói: Xác minh thành công,1
2026-08-28 13:30:30 - INFO - [TTS] ✅ Đã phát xong tiếng Việt: Xác minh thành công,1...
2026-08-28 13:30:31 - INFO - [TTS] Đang phát tiếng Việt: Xác minh thành công,1...
2026-08-28 13:30:31 - INFO - [Recognition] Đã phát giọng nói: Xác minh thành công,1
2026-08-28 13:30:34 - INFO - [TTS] ✅ Đã phát xong tiếng Việt: Xác minh thành công,1...
2026-08-28 13:30:36 - INFO - [TTS] Đang phát tiếng Việt: Xác minh thành công,1...
2026-08-28 13:30:36 - INFO - [Recognition] Đã phát giọng nói: Xác minh thành công,1
2026-08-28 13:30:39 - INFO - [TTS] ✅ Đã phát xong tiếng Việt: Xác minh thành công,1...
2026-08-28 13:30:40 - INFO - [TTS] Đang phát tiếng Việt: Xác minh thất bại...
2026-08-28 13:30:40 - INFO - [Recognition] Đã phát giọng nói: Xác minh thất bại
2026-08-28 13:30:43 - INFO - [TTS] ✅ Đã phát xong tiếng Việt: Xác minh thất bại...
2026-08-28 13:30:44 - INFO - [TTS] Đang phát tiếng Việt: Xác minh thành công,1...
2026-08-28 13:30:44 - INFO - [Recognition] Đã phát giọng nói: Xác minh thành công,1
2026-08-28 13:30:47 - INFO - [TTS] ✅ Đã phát xong tiếng Việt: Xác minh thành công,1...
2026-08-28 13:30:51 - INFO - [Recognition] Active: TẮT
2026-08-28 13:30:51 - INFO - [Recognition] Active: TẮT
2026-08-28 13:30:51 - INFO - [Registration] Active: BẬT
2026-08-28 13:31:04 - INFO - [Registration] Active: TẮT
2026-08-28 13:31:04 - INFO - [Recognition] Active: BẬT
2026-08-28 13:31:04 - INFO - [Recognition] Active: TẮT
2026-08-28 13:31:04 - INFO - [Recognition] Active: TẮT
2026-08-28 13:31:04 - INFO - [Registration] Active: BẬT
2026-08-28 13:31:10 - INFO - [Registration] Bắt đầu đăng ký
2026-08-28 13:31:28 - INFO - [Registration] Bắt đầu đăng ký với 20 embedding
2026-08-28 13:31:28 - INFO - [Embedder] ✅ Tạo embedding đại diện từ 20 embedding
2026-08-28 13:31:28 - INFO - [Database] Phát hiện thay đổi, refresh cache...
2026-08-28 13:31:28 - INFO - [Recognizer] Đã làm mới cache
2026-08-28 13:31:28 - INFO - [Database] Cache đã được refresh
2026-08-28 13:31:28 - INFO - [Registration] Đăng ký thành công cho a (ID: 2)
2026-08-28 13:31:28 - INFO -   - Số embedding: 20
2026-08-28 13:31:28 - INFO -   - Norm: 1.0000
2026-08-28 13:31:30 - INFO - [Registration] Đăng ký thành công
2026-08-28 13:31:30 - INFO - [Registration] Đã làm mới form
2026-08-28 13:31:32 - INFO - [Registration] Active: TẮT
2026-08-28 13:31:32 - INFO - [Recognition] Active: BẬT
2026-08-28 13:31:34 - INFO - [Recognition] Bật tự động quét
2026-08-28 13:31:36 - INFO - [TTS] Đang phát tiếng Việt: nhận diện thành công 1...
2026-08-28 13:31:36 - INFO - [Recognition] Đã phát giọng nói: nhận diện thành công 1
2026-08-28 13:31:38 - INFO - [TTS] Đang phát tiếng Việt: nhận diện thành công a...
2026-08-28 13:31:38 - INFO - [Recognition] Đã phát giọng nói: nhận diện thành công a
2026-08-28 13:31:39 - INFO - [TTS] ✅ Đã phát xong tiếng Việt: nhận diện thành công 1...
2026-08-28 13:31:40 - INFO - [TTS] Đang phát tiếng Việt: nhận diện thành công 1...
2026-08-28 13:31:40 - INFO - [Recognition] Đã phát giọng nói: nhận diện thành công 1
2026-08-28 13:31:41 - INFO - [TTS] ✅ Đã phát xong tiếng Việt: nhận diện thành công a...
2026-08-28 13:31:41 - INFO - [TTS] Đang phát tiếng Việt: nhận diện thành công a...
2026-08-28 13:31:41 - INFO - [Recognition] Đã phát giọng nói: nhận diện thành công a
2026-08-28 13:31:42 - INFO - [TTS] Đang phát tiếng Việt: nhận diện thành công 1...
2026-08-28 13:31:42 - INFO - [Recognition] Đã phát giọng nói: nhận diện thành công 1
2026-08-28 13:31:43 - INFO - [TTS] ✅ Đã phát xong tiếng Việt: nhận diện thành công 1...
2026-08-28 13:31:45 - INFO - [TTS] ✅ Đã phát xong tiếng Việt: nhận diện thành công a...
2026-08-28 13:31:47 - INFO - [TTS] ✅ Đã phát xong tiếng Việt: nhận diện thành công 1...
2026-08-28 13:31:47 - INFO - [TTS] Đang phát tiếng Việt: Người lạ, không xác định...
2026-08-28 13:31:47 - INFO - [Recognition] Đã phát giọng nói: Người lạ, không xác định
2026-08-28 13:31:50 - INFO - [TTS] ✅ Đã phát xong tiếng Việt: Người lạ, không xác định...
2026-08-28 13:31:55 - INFO - [Registration] Active: TẮT
2026-08-28 13:31:55 - INFO - [Recognition] Active: TẮT
2026-08-28 13:31:55 - INFO - [Recognition] Active: TẮT
2026-08-28 13:31:55 - INFO - [UI] Camera paused
2026-08-28 13:31:55 - INFO - [Registration] Active: TẮT
2026-08-28 13:31:55 - INFO - [Recognition] Active: TẮT
2026-08-28 13:31:55 - INFO - [Recognition] Active: TẮT
2026-08-28 13:31:55 - INFO - [UI] Camera paused
2026-08-28 13:31:55 - INFO - [Database] Đã tải 2 người dùng
2026-08-28 13:31:55 - INFO - [Registration] Active: TẮT
2026-08-28 13:31:55 - INFO - [Recognition] Active: TẮT
2026-08-28 13:31:55 - INFO - [Recognition] Active: TẮT
2026-08-28 13:31:55 - INFO - [UI] Camera paused
2026-08-28 13:31:55 - INFO - [Database] Đã tải 2 người dùng
2026-08-28 13:31:57 - INFO - [UI] Đang đóng cửa sổ...
2026-08-28 13:44:57 - INFO - 🔄 Bắt đầu chương trình...
2026-08-28 13:44:57 - INFO - ============================================================
2026-08-28 13:44:57 - INFO - FACESECURE - KHỞI TẠO HỆ THỐNG
2026-08-28 13:44:57 - INFO - ============================================================
2026-08-28 13:44:57 - INFO - [1] Khởi tạo cơ sở dữ liệu...
2026-08-28 13:44:57 - INFO -     Đã tải 2 người dùng
2026-08-28 13:44:57 - INFO - [2] Khởi tạo MTCNN...
2026-08-28 13:44:57 - INFO -     OK
2026-08-28 13:44:57 - INFO - [3] Khởi tạo FaceNet...
2026-08-28 13:44:58 - INFO -     OK
2026-08-28 13:44:58 - INFO - [4] Khởi tạo Face Matcher...
2026-08-28 13:44:58 - INFO -     OK
2026-08-28 13:44:58 - INFO - [5] Khởi tạo Face Recognizer...
2026-08-28 13:44:58 - INFO - [Recognizer] Khởi tạo với phương pháp: cosine
2026-08-28 13:44:58 - INFO -     OK
2026-08-28 13:44:58 - INFO - [6] Khởi tạo Services...
2026-08-28 13:44:58 - INFO -     Đăng ký      : OK
2026-08-28 13:44:58 - INFO -     Nhận dạng 1:N : OK
2026-08-28 13:44:58 - INFO -     Xác minh 1:1  : OK
2026-08-28 13:44:58 - INFO - [7] Khởi tạo Face API...
2026-08-28 13:44:58 - INFO -     OK
2026-08-28 13:44:58 - INFO - [8] Khởi tạo Database API...
2026-08-28 13:44:58 - INFO -     OK
2026-08-28 13:44:58 - INFO - ============================================================
2026-08-28 13:44:58 - INFO - ✅ KHỞI TẠO HỆ THỐNG THÀNH CÔNG
2026-08-28 13:44:58 - INFO - ============================================================
2026-08-28 13:44:58 - INFO - 🔄 Đang khởi tạo giao diện...
2026-08-28 13:44:58 - INFO - [UI] Bắt đầu khởi tạo MainWindow...
2026-08-28 13:44:58 - INFO - [UI] Đang tạo giao diện...
2026-08-28 13:44:58 - INFO - [UI] Tạo trang đăng ký...
2026-08-28 13:44:58 - INFO - [Registration] Đã khởi tạo (GPU=True)
2026-08-28 13:44:58 - INFO - [UI] Tạo trang nhận dạng...
2026-08-28 13:44:58 - INFO - [Recognition] Đã tìm thấy font: C:/Windows/Fonts/arial.ttf
2026-08-28 13:44:58 - INFO - [Recognition] Đã khởi tạo (GPU=True, FPS=60)
2026-08-28 13:44:58 - INFO - [UI] Tạo trang quản lý...
2026-08-28 13:44:58 - INFO - [Database] Đã tải 2 người dùng
2026-08-28 13:44:58 - INFO - [Database] Đã khởi tạo
2026-08-28 13:44:58 - INFO - [UI] Tạo trang cài đặt...
2026-08-28 13:44:58 - INFO - [Recognition] Active: TẮT
2026-08-28 13:44:58 - INFO - [Recognition] Active: TẮT
2026-08-28 13:45:01 - INFO - [Registration] Active: BẬT
2026-08-28 13:45:01 - INFO - [UI] Giao diện đã tạo xong
2026-08-28 13:45:01 - INFO - [UI] MainWindow khởi tạo thành công! (FPS=60)
2026-08-28 13:45:01 - INFO - ✅ Giao diện đã hiển thị
2026-08-28 13:45:04 - INFO - [Registration] Active: TẮT
2026-08-28 13:45:04 - INFO - [Recognition] Active: TẮT
2026-08-28 13:45:04 - INFO - [Recognition] Active: TẮT
2026-08-28 13:45:04 - INFO - [UI] Camera paused
2026-08-28 13:45:04 - INFO - [Database] Đã tải 2 người dùng
2026-08-28 13:45:06 - INFO - [Registration] Active: TẮT
2026-08-28 13:45:06 - INFO - [Recognition] Active: BẬT
2026-08-28 13:45:07 - INFO - [TTS] Đang phát tiếng Việt: nhận diện thành công 1...
2026-08-28 13:45:07 - INFO - [Recognition] Đã phát giọng nói: nhận diện thành công 1
2026-08-28 13:45:08 - INFO - [TTS] pygame.mixer đã khởi tạo
2026-08-28 13:45:10 - INFO - [TTS] ✅ Đã phát xong tiếng Việt: nhận diện thành công 1...
2026-08-28 13:45:11 - INFO - [TTS] Đang phát tiếng Việt: nhận diện thành công a...
2026-08-28 13:45:11 - INFO - [Recognition] Đã phát giọng nói: nhận diện thành công a
2026-08-28 13:45:13 - INFO - [TTS] ✅ Đã phát xong tiếng Việt: nhận diện thành công a...
2026-08-28 13:45:14 - INFO - [TTS] Đang phát tiếng Việt: nhận diện thành công a...
2026-08-28 13:45:14 - INFO - [Recognition] Đã phát giọng nói: nhận diện thành công a
2026-08-28 13:45:17 - INFO - [TTS] Đang phát tiếng Việt: nhận diện thành công 1...
2026-08-28 13:45:17 - INFO - [Recognition] Đã phát giọng nói: nhận diện thành công 1
2026-08-28 13:45:17 - INFO - [TTS] ✅ Đã phát xong tiếng Việt: nhận diện thành công a...
2026-08-28 13:45:18 - INFO - [TTS] Đang phát tiếng Việt: nhận diện thành công a...
2026-08-28 13:45:18 - INFO - [Recognition] Đã phát giọng nói: nhận diện thành công a
2026-08-28 13:45:19 - INFO - [TTS] ✅ Đã phát xong tiếng Việt: nhận diện thành công 1...
2026-08-28 13:45:21 - INFO - [TTS] Đang phát tiếng Việt: nhận diện thành công 1...
2026-08-28 13:45:21 - INFO - [Recognition] Đã phát giọng nói: nhận diện thành công 1
2026-08-28 13:45:21 - INFO - [TTS] ✅ Đã phát xong tiếng Việt: nhận diện thành công a...
2026-08-28 13:45:23 - INFO - [TTS] ✅ Đã phát xong tiếng Việt: nhận diện thành công 1...
2026-08-28 13:45:24 - INFO - [TTS] Đang phát tiếng Việt: nhận diện thành công 1...
2026-08-28 13:45:24 - INFO - [Recognition] Đã phát giọng nói: nhận diện thành công 1
2026-08-28 13:45:26 - INFO - [Recognition] Tắt tự động quét
2026-08-28 13:45:26 - INFO - [TTS] Đang phát tiếng Việt: nhận diện thành công 1...
2026-08-28 13:45:26 - INFO - [Recognition] Đã phát giọng nói: nhận diện thành công 1
2026-08-28 13:45:27 - INFO - [TTS] ✅ Đã phát xong tiếng Việt: nhận diện thành công 1...
2026-08-28 13:45:29 - INFO - [TTS] ✅ Đã phát xong tiếng Việt: nhận diện thành công 1...
2026-08-28 13:45:31 - INFO - [TTS] Đang phát tiếng Việt: Xác minh thành công,1...
2026-08-28 13:45:31 - INFO - [Recognition] Đã phát giọng nói: Xác minh thành công,1
2026-08-28 13:45:34 - INFO - [TTS] ✅ Đã phát xong tiếng Việt: Xác minh thành công,1...
2026-08-28 13:45:35 - INFO - [TTS] Đang phát tiếng Việt: Xác minh thất bại...
2026-08-28 13:45:35 - INFO - [Recognition] Đã phát giọng nói: Xác minh thất bại
2026-08-28 13:45:37 - INFO - [TTS] ✅ Đã phát xong tiếng Việt: Xác minh thất bại...
2026-08-28 13:45:40 - INFO - [TTS] Đang phát tiếng Việt: Xác minh thành công,a...
2026-08-28 13:45:40 - INFO - [Recognition] Đã phát giọng nói: Xác minh thành công,a
2026-08-28 13:45:43 - INFO - [TTS] ✅ Đã phát xong tiếng Việt: Xác minh thành công,a...
2026-08-28 13:50:38 - INFO - [UI] Đang đóng cửa sổ...
2026-08-28 13:50:54 - INFO - 🔄 Bắt đầu chương trình...
2026-08-28 13:50:54 - INFO - ============================================================
2026-08-28 13:50:54 - INFO - FACESECURE - KHỞI TẠO HỆ THỐNG
2026-08-28 13:50:54 - INFO - ============================================================
2026-08-28 13:50:54 - INFO - [1] Khởi tạo cơ sở dữ liệu...
2026-08-28 13:50:54 - INFO -     Đã tải 2 người dùng
2026-08-28 13:50:54 - INFO - [2] Khởi tạo MTCNN...
2026-08-28 13:50:54 - INFO -     OK
2026-08-28 13:50:54 - INFO - [3] Khởi tạo FaceNet...
2026-08-28 13:50:55 - INFO -     OK
2026-08-28 13:50:55 - INFO - [4] Khởi tạo Face Matcher...
2026-08-28 13:50:55 - INFO -     OK
2026-08-28 13:50:55 - INFO - [5] Khởi tạo Face Recognizer...
2026-08-28 13:50:55 - INFO - [Recognizer] Khởi tạo với phương pháp: cosine
2026-08-28 13:50:55 - INFO -     OK
2026-08-28 13:50:55 - INFO - [6] Khởi tạo Services...
2026-08-28 13:50:55 - INFO -     Đăng ký      : OK
2026-08-28 13:50:55 - INFO -     Nhận dạng 1:N : OK
2026-08-28 13:50:55 - INFO -     Xác minh 1:1  : OK
2026-08-28 13:50:55 - INFO - [7] Khởi tạo Face API...
2026-08-28 13:50:55 - INFO -     OK
2026-08-28 13:50:55 - INFO - [8] Khởi tạo Database API...
2026-08-28 13:50:55 - INFO -     OK
2026-08-28 13:50:55 - INFO - ============================================================
2026-08-28 13:50:55 - INFO - ✅ KHỞI TẠO HỆ THỐNG THÀNH CÔNG
2026-08-28 13:50:55 - INFO - ============================================================
2026-08-28 13:50:55 - INFO - 🔄 Đang khởi tạo giao diện...
2026-08-28 13:50:55 - INFO - [UI] Bắt đầu khởi tạo MainWindow...
2026-08-28 13:50:55 - INFO - [UI] Đang tạo giao diện...
2026-08-28 13:50:55 - INFO - [UI] Tạo trang đăng ký...
2026-08-28 13:50:55 - INFO - [Registration] Đã khởi tạo (GPU=True)
2026-08-28 13:50:55 - INFO - [UI] Tạo trang nhận dạng...
2026-08-28 13:50:55 - INFO - [Recognition] Đã tìm thấy font: C:/Windows/Fonts/arial.ttf
2026-08-28 13:50:56 - INFO - [Recognition] Đã khởi tạo (GPU=True, FPS=60)
2026-08-28 13:50:56 - INFO - [UI] Tạo trang quản lý...
2026-08-28 13:50:56 - INFO - [Database] Đã tải 2 người dùng
2026-08-28 13:50:56 - INFO - [Database] Đã khởi tạo
2026-08-28 13:50:56 - INFO - [UI] Tạo trang cài đặt...
2026-08-28 13:50:56 - INFO - [Recognition] Active: TẮT
2026-08-28 13:50:56 - INFO - [Recognition] Active: TẮT
2026-08-28 13:50:56 - ERROR - [Camera] Không thể mở camera 0
2026-08-28 13:50:56 - INFO - [Registration] Active: BẬT
2026-08-28 13:50:56 - INFO - [UI] Giao diện đã tạo xong
2026-08-28 13:50:56 - INFO - [UI] MainWindow khởi tạo thành công! (FPS=60)
2026-08-28 13:50:57 - INFO - ✅ Giao diện đã hiển thị
2026-08-28 13:50:59 - INFO - [Registration] Active: TẮT
2026-08-28 13:51:00 - ERROR - [Camera] Không thể mở camera 0
2026-08-28 13:51:00 - INFO - [Recognition] Active: BẬT
2026-08-28 13:51:00 - INFO - [Recognition] Active: TẮT
2026-08-28 13:51:00 - INFO - [Recognition] Active: TẮT
2026-08-28 13:51:01 - ERROR - [Camera] Không thể mở camera 0
2026-08-28 13:51:01 - INFO - [Registration] Active: BẬT
2026-08-28 13:51:01 - INFO - [UI] Đang đóng cửa sổ...
2026-08-28 14:20:41 - INFO - 🔄 Bắt đầu chương trình...
2026-08-28 14:20:41 - INFO - ============================================================
2026-08-28 14:20:41 - INFO - FACESECURE - KHỞI TẠO HỆ THỐNG
2026-08-28 14:20:41 - INFO - ============================================================
2026-08-28 14:20:41 - INFO - [1] Khởi tạo cơ sở dữ liệu...
2026-08-28 14:20:41 - INFO -     Đã tải 2 người dùng
2026-08-28 14:20:41 - INFO - [2] Khởi tạo MTCNN...
2026-08-28 14:20:41 - INFO -     OK
2026-08-28 14:20:41 - INFO - [3] Khởi tạo FaceNet...
2026-08-28 14:20:42 - INFO -     OK
2026-08-28 14:20:42 - INFO - [4] Khởi tạo Face Matcher...
2026-08-28 14:20:42 - INFO -     OK
2026-08-28 14:20:42 - INFO - [5] Khởi tạo Face Recognizer...
2026-08-28 14:20:42 - INFO - [Recognizer] Khởi tạo với phương pháp: cosine
2026-08-28 14:20:42 - INFO -     OK
2026-08-28 14:20:42 - INFO - [6] Khởi tạo Services...
2026-08-28 14:20:42 - INFO -     Đăng ký      : OK
2026-08-28 14:20:42 - INFO -     Nhận dạng 1:N : OK
2026-08-28 14:20:42 - INFO -     Xác minh 1:1  : OK
2026-08-28 14:20:42 - INFO - [7] Khởi tạo Face API...
2026-08-28 14:20:42 - INFO -     OK
2026-08-28 14:20:42 - INFO - [8] Khởi tạo Database API...
2026-08-28 14:20:42 - INFO -     OK
2026-08-28 14:20:42 - INFO - ============================================================
2026-08-28 14:20:42 - INFO - ✅ KHỞI TẠO HỆ THỐNG THÀNH CÔNG
2026-08-28 14:20:42 - INFO - ============================================================
2026-08-28 14:20:42 - INFO - 🔄 Đang khởi tạo giao diện...
2026-08-28 14:20:42 - INFO - [UI] Bắt đầu khởi tạo MainWindow...
2026-08-28 14:20:42 - INFO - [UI] Đang tạo giao diện...
2026-08-28 14:20:42 - INFO - [UI] Tạo trang đăng ký...
2026-08-28 14:20:42 - INFO - [Registration] Đã khởi tạo (GPU=True)
2026-08-28 14:20:42 - INFO - [UI] Tạo trang nhận dạng...
2026-08-28 14:20:42 - INFO - [Recognition] Đã tìm thấy font: C:/Windows/Fonts/arial.ttf
2026-08-28 14:20:43 - INFO - [Recognition] Đã khởi tạo (GPU=True, FPS=60)
2026-08-28 14:20:43 - INFO - [UI] Tạo trang quản lý...
2026-08-28 14:20:43 - INFO - [Database] Đã tải 2 người dùng
2026-08-28 14:20:43 - INFO - [Database] Đã khởi tạo
2026-08-28 14:20:43 - INFO - [UI] Tạo trang cài đặt...
2026-08-28 14:20:43 - INFO - [Recognition] Active: TẮT
2026-08-28 14:20:43 - INFO - [Recognition] Active: TẮT
2026-08-28 14:20:46 - INFO - [Registration] Active: BẬT
2026-08-28 14:20:46 - INFO - [UI] Giao diện đã tạo xong
2026-08-28 14:20:46 - INFO - [UI] MainWindow khởi tạo thành công! (FPS=60)
2026-08-28 14:20:47 - INFO - ✅ Giao diện đã hiển thị
2026-08-28 14:20:54 - INFO - [Registration] Active: TẮT
2026-08-28 14:20:54 - INFO - [Recognition] Active: BẬT
2026-08-28 14:20:56 - INFO - [TTS] Đang phát tiếng Việt: nhận diện thành công 1...
2026-08-28 14:20:56 - INFO - [Recognition] Đã phát giọng nói: nhận diện thành công 1
2026-08-28 14:20:56 - INFO - [TTS] pygame.mixer đã khởi tạo
2026-08-28 14:20:57 - INFO - [UI] Đang đóng cửa sổ...
2026-08-28 14:20:57 - INFO - [TTS] Đang phát tiếng Việt: Người lạ, không xác định...
2026-08-28 14:20:57 - INFO - [Recognition] Đã phát giọng nói: Người lạ, không xác định
2026-08-28 14:20:57 - ERROR - [TTS] Lỗi phát âm thanh: mixer not initialized
2026-08-28 14:20:57 - INFO - [TTS] ✅ Đã phát xong tiếng Việt: nhận diện thành công 1...
2026-08-28 14:25:19 - INFO - 🔄 Bắt đầu chương trình...
2026-08-28 14:25:19 - INFO - ============================================================
2026-08-28 14:25:19 - INFO - FACESECURE - KHỞI TẠO HỆ THỐNG
2026-08-28 14:25:19 - INFO - ============================================================
2026-08-28 14:25:19 - INFO - [1] Khởi tạo cơ sở dữ liệu...
2026-08-28 14:25:19 - INFO -     Đã tải 2 người dùng
2026-08-28 14:25:19 - INFO - [2] Khởi tạo MTCNN...
2026-08-28 14:25:19 - INFO -     OK
2026-08-28 14:25:19 - INFO - [3] Khởi tạo FaceNet...
2026-08-28 14:25:19 - INFO -     OK
2026-08-28 14:25:19 - INFO - [4] Khởi tạo Face Matcher...
2026-08-28 14:25:19 - INFO -     OK
2026-08-28 14:25:19 - INFO - [5] Khởi tạo Face Recognizer...
2026-08-28 14:25:19 - INFO - [Recognizer] Khởi tạo với phương pháp: cosine
2026-08-28 14:25:19 - INFO -     OK
2026-08-28 14:25:19 - INFO - [6] Khởi tạo Services...
2026-08-28 14:25:19 - INFO -     Đăng ký      : OK
2026-08-28 14:25:19 - INFO -     Nhận dạng 1:N : OK
2026-08-28 14:25:19 - INFO -     Xác minh 1:1  : OK
2026-08-28 14:25:19 - INFO - [7] Khởi tạo Face API...
2026-08-28 14:25:19 - INFO -     OK
2026-08-28 14:25:19 - INFO - [8] Khởi tạo Database API...
2026-08-28 14:25:19 - INFO -     OK
2026-08-28 14:25:19 - INFO - ============================================================
2026-08-28 14:25:19 - INFO - ✅ KHỞI TẠO HỆ THỐNG THÀNH CÔNG
2026-08-28 14:25:19 - INFO - ============================================================
2026-08-28 14:25:19 - INFO - 🔄 Đang khởi tạo giao diện...
2026-08-28 14:25:19 - INFO - [UI] Bắt đầu khởi tạo MainWindow...
2026-08-28 14:25:19 - INFO - [UI] Đang tạo giao diện...
2026-08-28 14:25:19 - INFO - [UI] Tạo trang đăng ký...
2026-08-28 14:25:19 - INFO - [Registration] Đã khởi tạo (GPU=True)
2026-08-28 14:25:19 - INFO - [UI] Tạo trang nhận dạng...
2026-08-28 14:25:19 - INFO - [Recognition] Đã tìm thấy font: C:/Windows/Fonts/arial.ttf
2026-08-28 14:25:20 - INFO - [Recognition] Đã khởi tạo (GPU=True, FPS=60)
2026-08-28 14:25:20 - INFO - [UI] Tạo trang quản lý...
2026-08-28 14:25:20 - INFO - [Database] Đã tải 2 người dùng
2026-08-28 14:25:20 - INFO - [Database] Đã khởi tạo
2026-08-28 14:25:20 - INFO - [UI] Tạo trang cài đặt...
2026-08-28 14:25:20 - INFO - [Recognition] Active: TẮT
2026-08-28 14:25:20 - INFO - [Recognition] Active: TẮT
2026-08-28 14:25:23 - INFO - [Registration] Active: BẬT
2026-08-28 14:25:23 - INFO - [UI] Giao diện đã tạo xong
2026-08-28 14:25:23 - INFO - [UI] MainWindow khởi tạo thành công! (FPS=60)
2026-08-28 14:25:24 - INFO - ✅ Giao diện đã hiển thị
2026-08-28 14:26:13 - INFO - [Registration] Active: TẮT
2026-08-28 14:26:13 - INFO - [Recognition] Active: BẬT
2026-08-28 14:26:15 - INFO - [UI] Đang đóng cửa sổ...
2026-08-28 14:30:42 - INFO - 🔄 Bắt đầu chương trình...
2026-08-28 14:30:42 - INFO - ============================================================
2026-08-28 14:30:42 - INFO - FACESECURE - KHỞI TẠO HỆ THỐNG
2026-08-28 14:30:42 - INFO - ============================================================
2026-08-28 14:30:42 - INFO - [1] Khởi tạo cơ sở dữ liệu...
2026-08-28 14:30:42 - INFO -     Đã tải 2 người dùng
2026-08-28 14:30:42 - INFO - [2] Khởi tạo MTCNN...
2026-08-28 14:30:42 - INFO -     OK
2026-08-28 14:30:42 - INFO - [3] Khởi tạo FaceNet...
2026-08-28 14:30:42 - INFO -     OK
2026-08-28 14:30:42 - INFO - [4] Khởi tạo Face Matcher...
2026-08-28 14:30:42 - INFO -     OK
2026-08-28 14:30:42 - INFO - [5] Khởi tạo Face Recognizer...
2026-08-28 14:30:42 - INFO - [Recognizer] Khởi tạo với phương pháp: cosine
2026-08-28 14:30:42 - INFO -     OK
2026-08-28 14:30:42 - INFO - [6] Khởi tạo Services...
2026-08-28 14:30:42 - INFO -     Đăng ký      : OK
2026-08-28 14:30:42 - INFO -     Nhận dạng 1:N : OK
2026-08-28 14:30:42 - INFO -     Xác minh 1:1  : OK
2026-08-28 14:30:42 - INFO - [7] Khởi tạo Face API...
2026-08-28 14:30:42 - INFO -     OK
2026-08-28 14:30:42 - INFO - [8] Khởi tạo Database API...
2026-08-28 14:30:42 - INFO -     OK
2026-08-28 14:30:42 - INFO - ============================================================
2026-08-28 14:30:42 - INFO - ✅ KHỞI TẠO HỆ THỐNG THÀNH CÔNG
2026-08-28 14:30:42 - INFO - ============================================================
2026-08-28 14:30:42 - INFO - 🔄 Đang khởi tạo giao diện...
2026-08-28 14:30:42 - INFO - [UI] Bắt đầu khởi tạo MainWindow...
2026-08-28 14:30:42 - INFO - [UI] Đang tạo giao diện...
2026-08-28 14:30:42 - INFO - [UI] Tạo trang đăng ký...
2026-08-28 14:30:42 - INFO - [Registration] Đã khởi tạo (GPU=True)
2026-08-28 14:30:42 - INFO - [UI] Tạo trang nhận dạng...
2026-08-28 14:30:42 - INFO - [Recognition] Đã tìm thấy font: C:/Windows/Fonts/arial.ttf
2026-08-28 14:30:43 - INFO - [Recognition] Đã khởi tạo (GPU=True, FPS=60)
2026-08-28 14:30:43 - INFO - [UI] Tạo trang quản lý...
2026-08-28 14:30:43 - INFO - [Database] Đã tải 2 người dùng
2026-08-28 14:30:43 - INFO - [Database] Đã khởi tạo
2026-08-28 14:30:43 - INFO - [UI] Tạo trang cài đặt...
2026-08-28 14:30:43 - INFO - [Recognition] Active: TẮT
2026-08-28 14:30:43 - ERROR - ❌ LỖI CHƯƠNG TRÌNH: 'CameraManager' object has no attribute 'pause'
2026-08-28 14:30:46 - ERROR - Uncaught exception:
Traceback (most recent call last):
  File "d:\TTNT\FaceSecure\main.py", line 197, in main
    cua_so = FaceSecureApp(
             ^^^^^^^^^^^^^^
  File "d:\TTNT\FaceSecure\app\ui\main_window.py", line 48, in __init__
    self.tao_giao_dien()
  File "d:\TTNT\FaceSecure\app\ui\main_window.py", line 98, in tao_giao_dien
    self.chuyen_trang(0, self.nut_dang_ky)
  File "d:\TTNT\FaceSecure\app\ui\main_window.py", line 185, in chuyen_trang
    self.trang_nhan_dang.set_active(False)
  File "d:\TTNT\FaceSecure\app\ui\recognition_page.py", line 166, in set_active
    self.camera_manager.pause()
    ^^^^^^^^^^^^^^^^^^^^^^^^^
AttributeError: 'CameraManager' object has no attribute 'pause'. Did you mean: 'paused'?

During handling of the above exception, another exception occurred:

Traceback (most recent call last):
  File "d:\TTNT\FaceSecure\app\ui\settings_page.py", line 853, in doi_camera
    if self.camera_manager.switch_to_camera(camera_id):
       ^^^^^^^^^^^^^^^^^^^^^^^^^^^^^^^^^^^^^^^^^^^^^^^
  File "d:\TTNT\FaceSecure\app\utils\camera_manager.py", line 90, in switch_to_camera
    self._stop_internal()
    ^^^^^^^^^^^^^^^^^^^
AttributeError: 'CameraManager' object has no attribute '_stop_internal'

2026-08-28 14:32:00 - INFO - 🔄 Bắt đầu chương trình...
2026-08-28 14:32:00 - INFO - ============================================================
2026-08-28 14:32:00 - INFO - FACESECURE - KHỞI TẠO HỆ THỐNG
2026-08-28 14:32:00 - INFO - ============================================================
2026-08-28 14:32:00 - INFO - [1] Khởi tạo cơ sở dữ liệu...
2026-08-28 14:32:00 - INFO -     Đã tải 2 người dùng
2026-08-28 14:32:00 - INFO - [2] Khởi tạo MTCNN...
2026-08-28 14:32:00 - INFO -     OK
2026-08-28 14:32:00 - INFO - [3] Khởi tạo FaceNet...
2026-08-28 14:32:00 - INFO -     OK
2026-08-28 14:32:00 - INFO - [4] Khởi tạo Face Matcher...
2026-08-28 14:32:00 - INFO -     OK
2026-08-28 14:32:00 - INFO - [5] Khởi tạo Face Recognizer...
2026-08-28 14:32:00 - INFO - [Recognizer] Khởi tạo với phương pháp: cosine
2026-08-28 14:32:00 - INFO -     OK
2026-08-28 14:32:00 - INFO - [6] Khởi tạo Services...
2026-08-28 14:32:00 - INFO -     Đăng ký      : OK
2026-08-28 14:32:00 - INFO -     Nhận dạng 1:N : OK
2026-08-28 14:32:00 - INFO -     Xác minh 1:1  : OK
2026-08-28 14:32:00 - INFO - [7] Khởi tạo Face API...
2026-08-28 14:32:00 - INFO -     OK
2026-08-28 14:32:00 - INFO - [8] Khởi tạo Database API...
2026-08-28 14:32:00 - INFO -     OK
2026-08-28 14:32:00 - INFO - ============================================================
2026-08-28 14:32:00 - INFO - ✅ KHỞI TẠO HỆ THỐNG THÀNH CÔNG
2026-08-28 14:32:00 - INFO - ============================================================
2026-08-28 14:32:00 - INFO - 🔄 Đang khởi tạo giao diện...
2026-08-28 14:32:00 - INFO - [UI] Bắt đầu khởi tạo MainWindow...
2026-08-28 14:32:00 - INFO - [UI] Đang tạo giao diện...
2026-08-28 14:32:00 - INFO - [UI] Tạo trang đăng ký...
2026-08-28 14:32:00 - INFO - [Registration] Đã khởi tạo (GPU=True)
2026-08-28 14:32:00 - INFO - [UI] Tạo trang nhận dạng...
2026-08-28 14:32:00 - INFO - [Recognition] Đã tìm thấy font: C:/Windows/Fonts/arial.ttf
2026-08-28 14:32:01 - INFO - [Recognition] Đã khởi tạo (GPU=True, FPS=60)
2026-08-28 14:32:01 - INFO - [UI] Tạo trang quản lý...
2026-08-28 14:32:01 - INFO - [Database] Đã tải 2 người dùng
2026-08-28 14:32:01 - INFO - [Database] Đã khởi tạo
2026-08-28 14:32:01 - INFO - [UI] Tạo trang cài đặt...
2026-08-28 14:32:02 - INFO - [Recognition] Active: TẮT
2026-08-28 14:32:02 - INFO - [Recognition] Active: TẮT
2026-08-28 14:32:40 - INFO - 🔄 Bắt đầu chương trình...
2026-08-28 14:32:40 - INFO - ============================================================
2026-08-28 14:32:40 - INFO - FACESECURE - KHỞI TẠO HỆ THỐNG
2026-08-28 14:32:40 - INFO - ============================================================
2026-08-28 14:32:40 - INFO - [1] Khởi tạo cơ sở dữ liệu...
2026-08-28 14:32:40 - INFO -     Đã tải 2 người dùng
2026-08-28 14:32:40 - INFO - [2] Khởi tạo MTCNN...
2026-08-28 14:32:40 - INFO -     OK
2026-08-28 14:32:40 - INFO - [3] Khởi tạo FaceNet...
2026-08-28 14:32:40 - INFO -     OK
2026-08-28 14:32:40 - INFO - [4] Khởi tạo Face Matcher...
2026-08-28 14:32:40 - INFO -     OK
2026-08-28 14:32:40 - INFO - [5] Khởi tạo Face Recognizer...
2026-08-28 14:32:40 - INFO - [Recognizer] Khởi tạo với phương pháp: cosine
2026-08-28 14:32:40 - INFO -     OK
2026-08-28 14:32:40 - INFO - [6] Khởi tạo Services...
2026-08-28 14:32:40 - INFO -     Đăng ký      : OK
2026-08-28 14:32:40 - INFO -     Nhận dạng 1:N : OK
2026-08-28 14:32:40 - INFO -     Xác minh 1:1  : OK
2026-08-28 14:32:40 - INFO - [7] Khởi tạo Face API...
2026-08-28 14:32:40 - INFO -     OK
2026-08-28 14:32:40 - INFO - [8] Khởi tạo Database API...
2026-08-28 14:32:40 - INFO -     OK
2026-08-28 14:32:40 - INFO - ============================================================
2026-08-28 14:32:40 - INFO - ✅ KHỞI TẠO HỆ THỐNG THÀNH CÔNG
2026-08-28 14:32:40 - INFO - ============================================================
2026-08-28 14:32:40 - INFO - 🔄 Đang khởi tạo giao diện...
2026-08-28 14:32:40 - INFO - [UI] Bắt đầu khởi tạo MainWindow...
2026-08-28 14:32:40 - INFO - [UI] Đang tạo giao diện...
2026-08-28 14:32:40 - INFO - [UI] Tạo trang đăng ký...
2026-08-28 14:32:40 - INFO - [Registration] Đã khởi tạo (GPU=True)
2026-08-28 14:32:40 - INFO - [UI] Tạo trang nhận dạng...
2026-08-28 14:32:40 - INFO - [Recognition] Đã tìm thấy font: C:/Windows/Fonts/arial.ttf
2026-08-28 14:32:41 - INFO - [Recognition] Đã khởi tạo (GPU=True, FPS=60)
2026-08-28 14:32:41 - INFO - [UI] Tạo trang quản lý...
2026-08-28 14:32:41 - INFO - [Database] Đã tải 2 người dùng
2026-08-28 14:32:41 - INFO - [Database] Đã khởi tạo
2026-08-28 14:32:41 - INFO - [UI] Tạo trang cài đặt...
2026-08-28 14:32:41 - INFO - [Recognition] Active: TẮT
2026-08-28 14:32:41 - INFO - [Recognition] Active: TẮT
2026-08-28 14:33:21 - INFO - 🔄 Bắt đầu chương trình...
2026-08-28 14:33:21 - INFO - ============================================================
2026-08-28 14:33:21 - INFO - FACESECURE - KHỞI TẠO HỆ THỐNG
2026-08-28 14:33:21 - INFO - ============================================================
2026-08-28 14:33:21 - INFO - [1] Khởi tạo cơ sở dữ liệu...
2026-08-28 14:33:21 - INFO -     Đã tải 2 người dùng
2026-08-28 14:33:21 - INFO - [2] Khởi tạo MTCNN...
2026-08-28 14:33:21 - INFO -     OK
2026-08-28 14:33:21 - INFO - [3] Khởi tạo FaceNet...
2026-08-28 14:33:22 - INFO -     OK
2026-08-28 14:33:22 - INFO - [4] Khởi tạo Face Matcher...
2026-08-28 14:33:22 - INFO -     OK
2026-08-28 14:33:22 - INFO - [5] Khởi tạo Face Recognizer...
2026-08-28 14:33:22 - INFO - [Recognizer] Khởi tạo với phương pháp: cosine
2026-08-28 14:33:22 - INFO -     OK
2026-08-28 14:33:22 - INFO - [6] Khởi tạo Services...
2026-08-28 14:33:22 - INFO -     Đăng ký      : OK
2026-08-28 14:33:22 - INFO -     Nhận dạng 1:N : OK
2026-08-28 14:33:22 - INFO -     Xác minh 1:1  : OK
2026-08-28 14:33:22 - INFO - [7] Khởi tạo Face API...
2026-08-28 14:33:22 - INFO -     OK
2026-08-28 14:33:22 - INFO - [8] Khởi tạo Database API...
2026-08-28 14:33:22 - INFO -     OK
2026-08-28 14:33:22 - INFO - ============================================================
2026-08-28 14:33:22 - INFO - ✅ KHỞI TẠO HỆ THỐNG THÀNH CÔNG
2026-08-28 14:33:22 - INFO - ============================================================
2026-08-28 14:33:22 - INFO - 🔄 Đang khởi tạo giao diện...
2026-08-28 14:33:22 - INFO - [UI] Bắt đầu khởi tạo MainWindow...
2026-08-28 14:33:22 - INFO - [UI] Đang tạo giao diện...
2026-08-28 14:33:22 - INFO - [UI] Tạo trang đăng ký...
2026-08-28 14:33:22 - INFO - [Registration] Đã khởi tạo (GPU=True)
2026-08-28 14:33:22 - INFO - [UI] Tạo trang nhận dạng...
2026-08-28 14:33:22 - INFO - [Recognition] Đã tìm thấy font: C:/Windows/Fonts/arial.ttf
2026-08-28 14:33:22 - INFO - [Recognition] Đã khởi tạo (GPU=True, FPS=60)
2026-08-28 14:33:22 - INFO - [UI] Tạo trang quản lý...
2026-08-28 14:33:22 - INFO - [Database] Đã tải 2 người dùng
2026-08-28 14:33:22 - INFO - [Database] Đã khởi tạo
2026-08-28 14:33:22 - INFO - [UI] Tạo trang cài đặt...
2026-08-28 14:33:22 - INFO - [Recognition] Active: TẮT
2026-08-28 14:33:22 - INFO - [Recognition] Active: TẮT
2026-08-28 14:33:25 - INFO - [Registration] Active: BẬT
2026-08-28 14:33:25 - INFO - [UI] Giao diện đã tạo xong
2026-08-28 14:33:25 - INFO - [UI] MainWindow khởi tạo thành công! (FPS=60)
2026-08-28 14:33:26 - INFO - ✅ Giao diện đã hiển thị
2026-08-28 14:33:30 - INFO - [Registration] Active: TẮT
2026-08-28 14:33:30 - INFO - [Recognition] Active: TẮT
2026-08-28 14:33:30 - INFO - [Recognition] Active: TẮT
2026-08-28 14:33:30 - INFO - [UI] Camera paused
2026-08-28 14:33:32 - INFO - [UI] Đang đóng cửa sổ...
2026-08-28 14:36:12 - INFO - 🔄 Bắt đầu chương trình...
2026-08-28 14:36:12 - INFO - ============================================================
2026-08-28 14:36:12 - INFO - FACESECURE - KHỞI TẠO HỆ THỐNG
2026-08-28 14:36:12 - INFO - ============================================================
2026-08-28 14:36:12 - INFO - [1] Khởi tạo cơ sở dữ liệu...
2026-08-28 14:36:12 - INFO -     Đã tải 2 người dùng
2026-08-28 14:36:12 - INFO - [2] Khởi tạo MTCNN...
2026-08-28 14:36:12 - INFO -     OK
2026-08-28 14:36:12 - INFO - [3] Khởi tạo FaceNet...
2026-08-28 14:36:13 - INFO -     OK
2026-08-28 14:36:13 - INFO - [4] Khởi tạo Face Matcher...
2026-08-28 14:36:13 - INFO -     OK
2026-08-28 14:36:13 - INFO - [5] Khởi tạo Face Recognizer...
2026-08-28 14:36:13 - INFO - [Recognizer] Khởi tạo với phương pháp: cosine
2026-08-28 14:36:13 - INFO -     OK
2026-08-28 14:36:13 - INFO - [6] Khởi tạo Services...
2026-08-28 14:36:13 - INFO -     Đăng ký      : OK
2026-08-28 14:36:13 - INFO -     Nhận dạng 1:N : OK
2026-08-28 14:36:13 - INFO -     Xác minh 1:1  : OK
2026-08-28 14:36:13 - INFO - [7] Khởi tạo Face API...
2026-08-28 14:36:13 - INFO -     OK
2026-08-28 14:36:13 - INFO - [8] Khởi tạo Database API...
2026-08-28 14:36:13 - INFO -     OK
2026-08-28 14:36:13 - INFO - ============================================================
2026-08-28 14:36:13 - INFO - ✅ KHỞI TẠO HỆ THỐNG THÀNH CÔNG
2026-08-28 14:36:13 - INFO - ============================================================
2026-08-28 14:36:13 - INFO - 🔄 Đang khởi tạo giao diện...
2026-08-28 14:36:13 - INFO - [UI] Bắt đầu khởi tạo MainWindow...
2026-08-28 14:36:13 - INFO - [UI] Đang tạo giao diện...
2026-08-28 14:36:13 - INFO - [UI] Tạo trang đăng ký...
2026-08-28 14:36:13 - INFO - [Registration] Đã khởi tạo (GPU=True)
2026-08-28 14:36:13 - INFO - [UI] Tạo trang nhận dạng...
2026-08-28 14:36:13 - INFO - [Recognition] Đã tìm thấy font: C:/Windows/Fonts/arial.ttf
2026-08-28 14:36:13 - INFO - [Recognition] Đã khởi tạo (GPU=True, FPS=60)
2026-08-28 14:36:13 - INFO - [UI] Tạo trang quản lý...
2026-08-28 14:36:13 - INFO - [Database] Đã tải 2 người dùng
2026-08-28 14:36:13 - INFO - [Database] Đã khởi tạo
2026-08-28 14:36:13 - INFO - [UI] Tạo trang cài đặt...
2026-08-28 14:36:17 - INFO - [Settings] Đã chuyển sang camera 0
2026-08-28 14:36:17 - INFO - [Recognition] Active: TẮT
2026-08-28 14:36:17 - INFO - [Recognition] Active: TẮT
2026-08-28 14:36:17 - INFO - [Registration] Active: BẬT
2026-08-28 14:36:17 - INFO - [UI] Giao diện đã tạo xong
2026-08-28 14:36:17 - INFO - [UI] MainWindow khởi tạo thành công! (FPS=60)
2026-08-28 14:36:18 - INFO - ✅ Giao diện đã hiển thị
2026-08-28 14:36:20 - INFO - [Registration] Active: TẮT
2026-08-28 14:36:20 - INFO - [Recognition] Active: TẮT
2026-08-28 14:36:20 - INFO - [Recognition] Active: TẮT
2026-08-28 14:36:20 - INFO - [UI] Camera paused
2026-08-28 14:36:26 - INFO - [Settings] Đã chuyển sang camera 1
2026-08-28 14:36:30 - INFO - [Settings] Đã cập nhật: 1N=0.3, 11=0.2
2026-08-28 14:36:30 - INFO - [Settings] Đã lưu: 1N=0.3, 11=0.2
2026-08-28 14:36:32 - INFO - [Registration] Active: TẮT
2026-08-28 14:36:32 - INFO - [Recognition] Active: BẬT
2026-08-28 14:36:42 - INFO - [TTS] Đang phát tiếng Việt: Người lạ, không xác định...
2026-08-28 14:36:42 - INFO - [Recognition] Đã phát giọng nói: Người lạ, không xác định
2026-08-28 14:36:48 - INFO - [TTS] Đang phát tiếng Việt: Người lạ, không xác định...
2026-08-28 14:36:48 - INFO - [Recognition] Đã phát giọng nói: Người lạ, không xác định
2026-08-28 14:36:52 - INFO - [TTS] Đang phát tiếng Việt: nhận diện thành công 1...
2026-08-28 14:36:52 - INFO - [Recognition] Đã phát giọng nói: nhận diện thành công 1
2026-08-28 14:36:54 - INFO - [TTS] pygame.mixer đã khởi tạo
2026-08-28 14:36:56 - INFO - [TTS] ✅ Đã phát xong tiếng Việt: Người lạ, không xác định...
2026-08-28 14:36:57 - INFO - [TTS] Đang phát tiếng Việt: nhận diện thành công 1...
2026-08-28 14:36:57 - INFO - [Recognition] Đã phát giọng nói: nhận diện thành công 1
2026-08-28 14:36:58 - INFO - [TTS] ✅ Đã phát xong tiếng Việt: Người lạ, không xác định...
2026-08-28 14:37:00 - INFO - [TTS] ✅ Đã phát xong tiếng Việt: nhận diện thành công 1...
2026-08-28 14:37:01 - INFO - [TTS] Đang phát tiếng Việt: Người lạ, không xác định...
2026-08-28 14:37:01 - INFO - [Recognition] Đã phát giọng nói: Người lạ, không xác định
2026-08-28 14:37:02 - INFO - [TTS] ✅ Đã phát xong tiếng Việt: nhận diện thành công 1...
2026-08-28 14:37:03 - INFO - [Recognition] Active: TẮT
2026-08-28 14:37:03 - INFO - [Recognition] Active: TẮT
2026-08-28 14:37:03 - INFO - [Registration] Active: BẬT
2026-08-28 14:37:05 - INFO - [TTS] ✅ Đã phát xong tiếng Việt: Người lạ, không xác định...
2026-08-28 14:37:06 - INFO - [UI] Đang đóng cửa sổ...
2026-08-28 14:37:52 - INFO - 🔄 Bắt đầu chương trình...
2026-08-28 14:37:52 - INFO - ============================================================
2026-08-28 14:37:52 - INFO - FACESECURE - KHỞI TẠO HỆ THỐNG
2026-08-28 14:37:52 - INFO - ============================================================
2026-08-28 14:37:52 - INFO - [1] Khởi tạo cơ sở dữ liệu...
2026-08-28 14:37:52 - INFO -     Đã tải 2 người dùng
2026-08-28 14:37:52 - INFO - [2] Khởi tạo MTCNN...
2026-08-28 14:37:52 - INFO -     OK
2026-08-28 14:37:52 - INFO - [3] Khởi tạo FaceNet...
2026-08-28 14:37:53 - INFO -     OK
2026-08-28 14:37:53 - INFO - [4] Khởi tạo Face Matcher...
2026-08-28 14:37:53 - INFO -     OK
2026-08-28 14:37:53 - INFO - [5] Khởi tạo Face Recognizer...
2026-08-28 14:37:53 - INFO - [Recognizer] Khởi tạo với phương pháp: cosine
2026-08-28 14:37:53 - INFO -     OK
2026-08-28 14:37:53 - INFO - [6] Khởi tạo Services...
2026-08-28 14:37:53 - INFO -     Đăng ký      : OK
2026-08-28 14:37:53 - INFO -     Nhận dạng 1:N : OK
2026-08-28 14:37:53 - INFO -     Xác minh 1:1  : OK
2026-08-28 14:37:53 - INFO - [7] Khởi tạo Face API...
2026-08-28 14:37:53 - INFO -     OK
2026-08-28 14:37:53 - INFO - [8] Khởi tạo Database API...
2026-08-28 14:37:53 - INFO -     OK
2026-08-28 14:37:53 - INFO - ============================================================
2026-08-28 14:37:53 - INFO - ✅ KHỞI TẠO HỆ THỐNG THÀNH CÔNG
2026-08-28 14:37:53 - INFO - ============================================================
2026-08-28 14:37:53 - INFO - 🔄 Đang khởi tạo giao diện...
2026-08-28 14:37:53 - INFO - [UI] Bắt đầu khởi tạo MainWindow...
2026-08-28 14:37:53 - INFO - [UI] Đang tạo giao diện...
2026-08-28 14:37:53 - INFO - [UI] Tạo trang đăng ký...
2026-08-28 14:37:53 - INFO - [Registration] Đã khởi tạo (GPU=True)
2026-08-28 14:37:53 - INFO - [UI] Tạo trang nhận dạng...
2026-08-28 14:37:53 - INFO - [Recognition] Đã tìm thấy font: C:/Windows/Fonts/arial.ttf
2026-08-28 14:37:53 - INFO - [Recognition] Đã khởi tạo (GPU=True, FPS=60)
2026-08-28 14:37:53 - INFO - [UI] Tạo trang quản lý...
2026-08-28 14:37:53 - INFO - [Database] Đã tải 2 người dùng
2026-08-28 14:37:53 - INFO - [Database] Đã khởi tạo
2026-08-28 14:37:53 - INFO - [UI] Tạo trang cài đặt...
2026-08-28 14:37:57 - INFO - [Settings] Đã chuyển sang camera 0
2026-08-28 14:37:57 - INFO - [Recognition] Active: TẮT
2026-08-28 14:37:57 - INFO - [Recognition] Active: TẮT
2026-08-28 14:37:57 - INFO - [Registration] Active: BẬT
2026-08-28 14:37:57 - INFO - [UI] Giao diện đã tạo xong
2026-08-28 14:37:57 - INFO - [UI] MainWindow khởi tạo thành công! (FPS=60)
2026-08-28 14:37:58 - INFO - ✅ Giao diện đã hiển thị
2026-08-28 14:38:01 - ERROR - [Camera] Mất kết nối camera, thử lại...
2026-08-28 14:38:55 - INFO - 🔄 Bắt đầu chương trình...
2026-08-28 14:38:55 - INFO - ============================================================
2026-08-28 14:38:55 - INFO - FACESECURE - KHỞI TẠO HỆ THỐNG
2026-08-28 14:38:55 - INFO - ============================================================
2026-08-28 14:38:55 - INFO - [1] Khởi tạo cơ sở dữ liệu...
2026-08-28 14:38:55 - INFO -     Đã tải 2 người dùng
2026-08-28 14:38:55 - INFO - [2] Khởi tạo MTCNN...
2026-08-28 14:38:55 - INFO -     OK
2026-08-28 14:38:55 - INFO - [3] Khởi tạo FaceNet...
2026-08-28 14:38:56 - INFO -     OK
2026-08-28 14:38:56 - INFO - [4] Khởi tạo Face Matcher...
2026-08-28 14:38:56 - INFO -     OK
2026-08-28 14:38:56 - INFO - [5] Khởi tạo Face Recognizer...
2026-08-28 14:38:56 - INFO - [Recognizer] Khởi tạo với phương pháp: cosine
2026-08-28 14:38:56 - INFO -     OK
2026-08-28 14:38:56 - INFO - [6] Khởi tạo Services...
2026-08-28 14:38:56 - INFO -     Đăng ký      : OK
2026-08-28 14:38:56 - INFO -     Nhận dạng 1:N : OK
2026-08-28 14:38:56 - INFO -     Xác minh 1:1  : OK
2026-08-28 14:38:56 - INFO - [7] Khởi tạo Face API...
2026-08-28 14:38:56 - INFO -     OK
2026-08-28 14:38:56 - INFO - [8] Khởi tạo Database API...
2026-08-28 14:38:56 - INFO -     OK
2026-08-28 14:38:56 - INFO - ============================================================
2026-08-28 14:38:56 - INFO - ✅ KHỞI TẠO HỆ THỐNG THÀNH CÔNG
2026-08-28 14:38:56 - INFO - ============================================================
2026-08-28 14:38:56 - INFO - 🔄 Đang khởi tạo giao diện...
2026-08-28 14:38:56 - INFO - [UI] Bắt đầu khởi tạo MainWindow...
2026-08-28 14:38:56 - INFO - [UI] Đang tạo giao diện...
2026-08-28 14:38:56 - INFO - [UI] Tạo trang đăng ký...
2026-08-28 14:38:56 - INFO - [Registration] Đã khởi tạo (GPU=True)
2026-08-28 14:38:56 - INFO - [UI] Tạo trang nhận dạng...
2026-08-28 14:38:56 - INFO - [Recognition] Đã tìm thấy font: C:/Windows/Fonts/arial.ttf
2026-08-28 14:38:56 - INFO - [Recognition] Đã khởi tạo (GPU=True, FPS=60)
2026-08-28 14:38:56 - INFO - [UI] Tạo trang quản lý...
2026-08-28 14:38:56 - INFO - [Database] Đã tải 2 người dùng
2026-08-28 14:38:56 - INFO - [Database] Đã khởi tạo
2026-08-28 14:38:56 - INFO - [UI] Tạo trang cài đặt...
2026-08-28 14:38:59 - INFO - [Settings] Đã chuyển sang camera 0
2026-08-28 14:38:59 - INFO - [Recognition] Active: TẮT
2026-08-28 14:38:59 - INFO - [Recognition] Active: TẮT
2026-08-28 14:38:59 - INFO - [Registration] Active: BẬT
2026-08-28 14:38:59 - INFO - [UI] Giao diện đã tạo xong
2026-08-28 14:38:59 - INFO - [UI] MainWindow khởi tạo thành công! (FPS=60)
2026-08-28 14:38:59 - INFO - ✅ Giao diện đã hiển thị
2026-08-28 14:38:59 - ERROR - [Camera] Mất kết nối camera, thử lại...
2026-08-28 14:38:59 - ERROR - [Camera] Mất kết nối camera, thử lại...
2026-08-28 14:38:59 - ERROR - [Camera] Mất kết nối camera, thử lại...
2026-08-28 14:38:59 - ERROR - [Camera] Mất kết nối camera, thử lại...
2026-08-28 14:38:59 - ERROR - [Camera] Mất kết nối camera, thử lại...
2026-08-28 14:38:59 - ERROR - [Camera] Mất kết nối camera, thử lại...
2026-08-28 14:39:00 - ERROR - [Camera] Mất kết nối camera, thử lại...
2026-08-28 14:39:00 - ERROR - [Camera] Mất kết nối camera, thử lại...
2026-08-28 14:39:00 - ERROR - [Camera] Mất kết nối camera, thử lại...
2026-08-28 14:39:00 - ERROR - [Camera] Mất kết nối camera, thử lại...
2026-08-28 14:39:00 - ERROR - [Camera] Mất kết nối camera, thử lại...
2026-08-28 14:39:00 - ERROR - [Camera] Mất kết nối camera, thử lại...
2026-08-28 14:39:00 - ERROR - [Camera] Mất kết nối camera, thử lại...
2026-08-28 14:39:00 - ERROR - [Camera] Mất kết nối camera, thử lại...
2026-08-28 14:39:00 - ERROR - [Camera] Mất kết nối camera, thử lại...
2026-08-28 14:39:00 - ERROR - [Camera] Mất kết nối camera, thử lại...
2026-08-28 14:39:00 - ERROR - [Camera] Mất kết nối camera, thử lại...
2026-08-28 14:39:00 - ERROR - [Camera] Mất kết nối camera, thử lại...
2026-08-28 14:39:00 - ERROR - [Camera] Mất kết nối camera, thử lại...
2026-08-28 14:39:00 - ERROR - [Camera] Mất kết nối camera, thử lại...
2026-08-28 14:39:00 - ERROR - [Camera] Mất kết nối camera, thử lại...
2026-08-28 14:39:00 - ERROR - [Camera] Mất kết nối camera, thử lại...
2026-08-28 14:39:00 - ERROR - [Camera] Mất kết nối camera, thử lại...
2026-08-28 14:42:56 - INFO - 🔄 Bắt đầu chương trình...
2026-08-28 14:42:56 - INFO - ============================================================
2026-08-28 14:42:56 - INFO - FACESECURE - KHỞI TẠO HỆ THỐNG
2026-08-28 14:42:56 - INFO - ============================================================
2026-08-28 14:42:56 - INFO - [1] Khởi tạo cơ sở dữ liệu...
2026-08-28 14:42:56 - INFO -     Đã tải 2 người dùng
2026-08-28 14:42:56 - INFO - [2] Khởi tạo MTCNN...
2026-08-28 14:42:56 - INFO -     OK
2026-08-28 14:42:56 - INFO - [3] Khởi tạo FaceNet...
2026-08-28 14:42:56 - INFO -     OK
2026-08-28 14:42:56 - INFO - [4] Khởi tạo Face Matcher...
2026-08-28 14:42:56 - INFO -     OK
2026-08-28 14:42:56 - INFO - [5] Khởi tạo Face Recognizer...
2026-08-28 14:42:56 - INFO - [Recognizer] Khởi tạo với phương pháp: cosine
2026-08-28 14:42:56 - INFO -     OK
2026-08-28 14:42:56 - INFO - [6] Khởi tạo Services...
2026-08-28 14:42:56 - INFO -     Đăng ký      : OK
2026-08-28 14:42:56 - INFO -     Nhận dạng 1:N : OK
2026-08-28 14:42:56 - INFO -     Xác minh 1:1  : OK
2026-08-28 14:42:56 - INFO - [7] Khởi tạo Face API...
2026-08-28 14:42:56 - INFO -     OK
2026-08-28 14:42:56 - INFO - [8] Khởi tạo Database API...
2026-08-28 14:42:56 - INFO -     OK
2026-08-28 14:42:56 - INFO - ============================================================
2026-08-28 14:42:56 - INFO - ✅ KHỞI TẠO HỆ THỐNG THÀNH CÔNG
2026-08-28 14:42:56 - INFO - ============================================================
2026-08-28 14:42:56 - INFO - 🔄 Đang khởi tạo giao diện...
2026-08-28 14:42:56 - INFO - [UI] Bắt đầu khởi tạo MainWindow...
2026-08-28 14:42:56 - INFO - [UI] Đang tạo giao diện...
2026-08-28 14:42:56 - INFO - [UI] Tạo trang đăng ký...
2026-08-28 14:42:56 - INFO - [Registration] Đã khởi tạo (GPU=True)
2026-08-28 14:42:56 - INFO - [UI] Tạo trang nhận dạng...
2026-08-28 14:42:56 - INFO - [Recognition] Đã tìm thấy font: C:/Windows/Fonts/arial.ttf
2026-08-28 14:42:57 - INFO - [Recognition] Đã khởi tạo (GPU=True, FPS=60)
2026-08-28 14:42:57 - INFO - [UI] Tạo trang quản lý...
2026-08-28 14:42:57 - INFO - [Database] Đã tải 2 người dùng
2026-08-28 14:42:57 - INFO - [Database] Đã khởi tạo
2026-08-28 14:42:57 - INFO - [UI] Tạo trang cài đặt...
2026-08-28 14:43:01 - INFO - [Settings] Đã chuyển sang camera 0
2026-08-28 14:43:01 - INFO - [Recognition] Active: TẮT
2026-08-28 14:43:01 - INFO - [Recognition] Active: TẮT
2026-08-28 14:43:01 - INFO - [Registration] Active: BẬT
2026-08-28 14:43:01 - INFO - [UI] Giao diện đã tạo xong
2026-08-28 14:43:01 - INFO - [UI] MainWindow khởi tạo thành công! (FPS=60)
2026-08-28 14:43:02 - INFO - ✅ Giao diện đã hiển thị
2026-08-28 14:43:06 - INFO - [Registration] Active: TẮT
2026-08-28 14:43:06 - INFO - [Recognition] Active: TẮT
2026-08-28 14:43:06 - INFO - [Recognition] Active: TẮT
2026-08-28 14:43:06 - INFO - [UI] Camera paused
2026-08-28 14:43:09 - INFO - [Settings] Đã chuyển sang camera 1
2026-08-28 14:43:10 - INFO - [Registration] Active: TẮT
2026-08-28 14:43:10 - INFO - [Recognition] Active: BẬT
2026-08-28 14:43:12 - INFO - [Registration] Active: TẮT
2026-08-28 14:43:12 - INFO - [Recognition] Active: TẮT
2026-08-28 14:43:12 - INFO - [Recognition] Active: TẮT
2026-08-28 14:43:12 - INFO - [UI] Camera paused
2026-08-28 14:43:23 - INFO - [Settings] Đã chuyển sang camera 0
2026-08-28 14:43:25 - INFO - [Registration] Active: TẮT
2026-08-28 14:43:25 - INFO - [Recognition] Active: BẬT
2026-08-28 14:43:28 - INFO - [TTS] Đang phát tiếng Việt: nhận diện thành công 1...
2026-08-28 14:43:28 - INFO - [Recognition] Đã phát giọng nói: nhận diện thành công 1
2026-08-28 14:43:29 - INFO - [TTS] pygame.mixer đã khởi tạo
2026-08-28 14:43:31 - INFO - [TTS] Đang phát tiếng Việt: nhận diện thành công 1...
2026-08-28 14:43:31 - INFO - [Recognition] Đã phát giọng nói: nhận diện thành công 1
2026-08-28 14:43:31 - INFO - [TTS] ✅ Đã phát xong tiếng Việt: nhận diện thành công 1...
2026-08-28 14:43:33 - INFO - [Registration] Active: TẮT
2026-08-28 14:43:33 - INFO - [Recognition] Active: TẮT
2026-08-28 14:43:33 - INFO - [Recognition] Active: TẮT
2026-08-28 14:43:33 - INFO - [UI] Camera paused
2026-08-28 14:43:33 - INFO - [Database] Đã tải 2 người dùng
2026-08-28 14:43:34 - INFO - [TTS] ✅ Đã phát xong tiếng Việt: nhận diện thành công 1...
2026-08-28 14:43:34 - INFO - [Registration] Active: TẮT
2026-08-28 14:43:34 - INFO - [Recognition] Active: TẮT
2026-08-28 14:43:34 - INFO - [Recognition] Active: TẮT
2026-08-28 14:43:34 - INFO - [UI] Camera paused
2026-08-28 14:43:37 - INFO - [Settings] Đã chuyển sang camera 1
2026-08-28 14:43:38 - INFO - [Registration] Active: TẮT
2026-08-28 14:43:38 - INFO - [Recognition] Active: BẬT
2026-08-28 14:43:52 - INFO - [Recognition] Tắt tự động quét
2026-08-28 14:43:53 - INFO - [Recognition] Bật tự động quét
2026-08-28 14:43:55 - INFO - [Registration] Active: TẮT
2026-08-28 14:43:55 - INFO - [Recognition] Active: TẮT
2026-08-28 14:43:55 - INFO - [Recognition] Active: TẮT
2026-08-28 14:43:55 - INFO - [UI] Camera paused
2026-08-28 14:43:58 - INFO - [Settings] Đã cập nhật: 1N=0.3, 11=0.2
2026-08-28 14:43:58 - INFO - [Settings] Đã lưu: 1N=0.3, 11=0.2
2026-08-28 14:44:00 - INFO - [Registration] Active: TẮT
2026-08-28 14:44:00 - INFO - [Recognition] Active: BẬT
2026-08-28 14:44:18 - INFO - [Registration] Active: TẮT
2026-08-28 14:44:18 - INFO - [Recognition] Active: TẮT
2026-08-28 14:44:18 - INFO - [Recognition] Active: TẮT
2026-08-28 14:44:18 - INFO - [UI] Camera paused
2026-08-28 14:44:21 - INFO - [Settings] Đã chuyển sang camera 0
2026-08-28 14:44:22 - INFO - [Registration] Active: TẮT
2026-08-28 14:44:22 - INFO - [Recognition] Active: BẬT
2026-08-28 14:44:26 - INFO - [Recognition] Tắt tự động quét
2026-08-28 14:44:31 - INFO - [TTS] Đang phát tiếng Việt: Xác minh thành công,1...
2026-08-28 14:44:31 - INFO - [Recognition] Đã phát giọng nói: Xác minh thành công,1
2026-08-28 14:44:34 - INFO - [TTS] ✅ Đã phát xong tiếng Việt: Xác minh thành công,1...
2026-08-28 14:44:35 - INFO - [Recognition] Bật tự động quét
2026-08-28 14:44:37 - INFO - [TTS] Đang phát tiếng Việt: nhận diện thành công 1...
2026-08-28 14:44:37 - INFO - [Recognition] Đã phát giọng nói: nhận diện thành công 1
2026-08-28 14:44:40 - INFO - [TTS] ✅ Đã phát xong tiếng Việt: nhận diện thành công 1...
2026-08-28 14:44:41 - INFO - [Registration] Active: TẮT
2026-08-28 14:44:41 - INFO - [Recognition] Active: TẮT
2026-08-28 14:44:41 - INFO - [Recognition] Active: TẮT
2026-08-28 14:44:41 - INFO - [UI] Camera paused
2026-08-28 14:44:44 - INFO - [Settings] Đã chuyển sang camera 1
2026-08-28 14:44:44 - INFO - [Settings] Đã cập nhật: 1N=0.3, 11=0.2
2026-08-28 14:44:44 - INFO - [Settings] Đã lưu: 1N=0.3, 11=0.2
2026-08-28 14:44:45 - INFO - [Registration] Active: TẮT
2026-08-28 14:44:45 - INFO - [Recognition] Active: BẬT
2026-08-28 14:44:55 - INFO - [Recognition] Tắt tự động quét
2026-08-28 14:45:04 - INFO - [TTS] Đang phát tiếng Việt: Xác minh thành công,1...
2026-08-28 14:45:04 - INFO - [Recognition] Đã phát giọng nói: Xác minh thành công,1
2026-08-28 14:45:07 - INFO - [TTS] ✅ Đã phát xong tiếng Việt: Xác minh thành công,1...
2026-08-28 14:45:10 - INFO - [Recognition] Bật tự động quét
2026-08-28 14:45:14 - INFO - [TTS] Đang phát tiếng Việt: nhận diện thành công 1...
2026-08-28 14:45:14 - INFO - [Recognition] Đã phát giọng nói: nhận diện thành công 1
2026-08-28 14:45:17 - INFO - [TTS] ✅ Đã phát xong tiếng Việt: nhận diện thành công 1...
2026-08-28 14:45:18 - INFO - [TTS] Đang phát tiếng Việt: nhận diện thành công 1...
2026-08-28 14:45:18 - INFO - [Recognition] Đã phát giọng nói: nhận diện thành công 1
2026-08-28 14:45:22 - INFO - [TTS] Đang phát tiếng Việt: nhận diện thành công 1...
2026-08-28 14:45:22 - INFO - [Recognition] Đã phát giọng nói: nhận diện thành công 1
2026-08-28 14:45:22 - INFO - [Registration] Active: TẮT
2026-08-28 14:45:22 - INFO - [Recognition] Active: TẮT
2026-08-28 14:45:22 - INFO - [Recognition] Active: TẮT
2026-08-28 14:45:22 - INFO - [UI] Camera paused
2026-08-28 14:45:22 - INFO - [TTS] ✅ Đã phát xong tiếng Việt: nhận diện thành công 1...
2026-08-28 14:45:24 - INFO - [TTS] ✅ Đã phát xong tiếng Việt: nhận diện thành công 1...
2026-08-28 14:45:25 - INFO - [Settings] Đã chuyển sang camera 0
2026-08-28 14:45:25 - INFO - [Registration] Active: TẮT
2026-08-28 14:45:25 - INFO - [Recognition] Active: BẬT
2026-08-28 14:45:27 - INFO - [TTS] Đang phát tiếng Việt: Người lạ, không xác định...
2026-08-28 14:45:27 - INFO - [Recognition] Đã phát giọng nói: Người lạ, không xác định
2026-08-28 14:45:28 - INFO - [TTS] Đang phát tiếng Việt: nhận diện thành công 1...
2026-08-28 14:45:28 - INFO - [Recognition] Đã phát giọng nói: nhận diện thành công 1
2026-08-28 14:45:30 - INFO - [TTS] ✅ Đã phát xong tiếng Việt: Người lạ, không xác định...
2026-08-28 14:45:32 - INFO - [TTS] ✅ Đã phát xong tiếng Việt: nhận diện thành công 1...
2026-08-28 14:45:33 - INFO - [TTS] Đang phát tiếng Việt: nhận diện thành công 1...
2026-08-28 14:45:33 - INFO - [Recognition] Đã phát giọng nói: nhận diện thành công 1
2026-08-28 14:45:36 - INFO - [TTS] ✅ Đã phát xong tiếng Việt: nhận diện thành công 1...
2026-08-28 14:45:36 - INFO - [TTS] Đang phát tiếng Việt: nhận diện thành công 1...
2026-08-28 14:45:36 - INFO - [Recognition] Đã phát giọng nói: nhận diện thành công 1
2026-08-28 14:45:39 - INFO - [TTS] Đang phát tiếng Việt: Người lạ, không xác định...
2026-08-28 14:45:39 - INFO - [Recognition] Đã phát giọng nói: Người lạ, không xác định
2026-08-28 14:45:39 - INFO - [TTS] ✅ Đã phát xong tiếng Việt: nhận diện thành công 1...
2026-08-28 14:45:40 - INFO - [TTS] Đang phát tiếng Việt: nhận diện thành công 1...
2026-08-28 14:45:40 - INFO - [Recognition] Đã phát giọng nói: nhận diện thành công 1
2026-08-28 14:45:41 - INFO - [TTS] Đang phát tiếng Việt: nhận diện thành công a...
2026-08-28 14:45:41 - INFO - [Recognition] Đã phát giọng nói: nhận diện thành công a
2026-08-28 14:45:42 - INFO - [TTS] ✅ Đã phát xong tiếng Việt: Người lạ, không xác định...
2026-08-28 14:45:42 - INFO - [TTS] Đang phát tiếng Việt: nhận diện thành công 1...
2026-08-28 14:45:42 - INFO - [Recognition] Đã phát giọng nói: nhận diện thành công 1
2026-08-28 14:45:44 - INFO - [TTS] Đang phát tiếng Việt: nhận diện thành công a...
2026-08-28 14:45:44 - INFO - [Recognition] Đã phát giọng nói: nhận diện thành công a
2026-08-28 14:45:44 - INFO - [TTS] ✅ Đã phát xong tiếng Việt: nhận diện thành công 1...
2026-08-28 14:45:45 - INFO - [TTS] Đang phát tiếng Việt: nhận diện thành công 1...
2026-08-28 14:45:45 - INFO - [Recognition] Đã phát giọng nói: nhận diện thành công 1
2026-08-28 14:45:46 - INFO - [Registration] Active: TẮT
2026-08-28 14:45:46 - INFO - [Recognition] Active: TẮT
2026-08-28 14:45:46 - INFO - [Recognition] Active: TẮT
2026-08-28 14:45:46 - INFO - [UI] Camera paused
2026-08-28 14:45:46 - INFO - [TTS] ✅ Đã phát xong tiếng Việt: nhận diện thành công a...
2026-08-28 14:45:48 - INFO - [TTS] ✅ Đã phát xong tiếng Việt: nhận diện thành công 1...
2026-08-28 14:45:48 - INFO - [Settings] Đã chuyển sang camera 1
2026-08-28 14:45:49 - INFO - [Registration] Active: TẮT
2026-08-28 14:45:49 - INFO - [Recognition] Active: BẬT
2026-08-28 14:45:50 - INFO - [TTS] ✅ Đã phát xong tiếng Việt: nhận diện thành công a...
2026-08-28 14:45:52 - INFO - [TTS] ✅ Đã phát xong tiếng Việt: nhận diện thành công 1...
2026-08-28 14:46:03 - INFO - [Recognition] Active: TẮT
2026-08-28 14:46:03 - INFO - [Recognition] Active: TẮT
2026-08-28 14:46:03 - INFO - [Registration] Active: BẬT
2026-08-28 14:46:13 - INFO - [Registration] Bắt đầu đăng ký
2026-08-28 14:47:22 - INFO - [Registration] Bắt đầu đăng ký với 20 embedding
2026-08-28 14:47:22 - INFO - [Embedder] ✅ Tạo embedding đại diện từ 20 embedding
2026-08-28 14:47:22 - INFO - [Database] Phát hiện thay đổi, refresh cache...
2026-08-28 14:47:22 - INFO - [Recognizer] Đã làm mới cache
2026-08-28 14:47:22 - INFO - [Database] Cache đã được refresh
2026-08-28 14:47:22 - INFO - [Registration] Đăng ký thành công cho 1 (ID: 3)
2026-08-28 14:47:22 - INFO -   - Số embedding: 20
2026-08-28 14:47:22 - INFO -   - Norm: 1.0000
2026-08-28 14:47:24 - INFO - [Registration] Đăng ký thành công
2026-08-28 14:47:24 - INFO - [Registration] Đã làm mới form
2026-08-28 14:47:25 - INFO - [Registration] Active: TẮT
2026-08-28 14:47:25 - INFO - [Recognition] Active: BẬT
2026-08-28 14:47:40 - INFO - [Recognition] Tắt tự động quét
2026-08-28 14:47:46 - INFO - [TTS] Đang phát tiếng Việt: Xác minh thành công,1...
2026-08-28 14:47:46 - INFO - [Recognition] Đã phát giọng nói: Xác minh thành công,1
2026-08-28 14:47:50 - INFO - [TTS] ✅ Đã phát xong tiếng Việt: Xác minh thành công,1...
2026-08-28 14:47:50 - INFO - [Recognition] Bật tự động quét
2026-08-28 14:47:54 - INFO - [TTS] Đang phát tiếng Việt: nhận diện thành công 1...
2026-08-28 14:47:54 - INFO - [Recognition] Đã phát giọng nói: nhận diện thành công 1
2026-08-28 14:47:57 - INFO - [TTS] ✅ Đã phát xong tiếng Việt: nhận diện thành công 1...
2026-08-28 14:48:00 - INFO - [TTS] Đang phát tiếng Việt: nhận diện thành công 1...
2026-08-28 14:48:00 - INFO - [Recognition] Đã phát giọng nói: nhận diện thành công 1
2026-08-28 14:48:03 - INFO - [TTS] ✅ Đã phát xong tiếng Việt: nhận diện thành công 1...
2026-08-28 14:48:04 - INFO - [TTS] Đang phát tiếng Việt: nhận diện thành công 1...
2026-08-28 14:48:04 - INFO - [Recognition] Đã phát giọng nói: nhận diện thành công 1
2026-08-28 14:48:06 - INFO - [TTS] ✅ Đã phát xong tiếng Việt: nhận diện thành công 1...
2026-08-28 14:48:08 - INFO - [TTS] Đang phát tiếng Việt: nhận diện thành công 1...
2026-08-28 14:48:08 - INFO - [Recognition] Đã phát giọng nói: nhận diện thành công 1
2026-08-28 14:48:11 - INFO - [TTS] ✅ Đã phát xong tiếng Việt: nhận diện thành công 1...
2026-08-28 14:48:11 - INFO - [TTS] Đang phát tiếng Việt: nhận diện thành công a...
2026-08-28 14:48:11 - INFO - [Recognition] Đã phát giọng nói: nhận diện thành công a
2026-08-28 14:48:14 - INFO - [TTS] ✅ Đã phát xong tiếng Việt: nhận diện thành công a...
2026-08-28 14:48:15 - INFO - [TTS] Đang phát tiếng Việt: nhận diện thành công 1...
2026-08-28 14:48:15 - INFO - [Recognition] Đã phát giọng nói: nhận diện thành công 1
2026-08-28 14:48:17 - INFO - [TTS] ✅ Đã phát xong tiếng Việt: nhận diện thành công 1...
2026-08-28 14:48:18 - INFO - [TTS] Đang phát tiếng Việt: nhận diện thành công a...
2026-08-28 14:48:18 - INFO - [Recognition] Đã phát giọng nói: nhận diện thành công a
2026-08-28 14:48:21 - INFO - [TTS] ✅ Đã phát xong tiếng Việt: nhận diện thành công a...
2026-08-28 14:48:21 - INFO - [Registration] Active: TẮT
2026-08-28 14:48:21 - INFO - [Recognition] Active: TẮT
2026-08-28 14:48:21 - INFO - [Recognition] Active: TẮT
2026-08-28 14:48:21 - INFO - [UI] Camera paused
2026-08-28 14:48:21 - INFO - [Database] Đã tải 3 người dùng
2026-08-28 14:48:23 - INFO - [Registration] Active: TẮT
2026-08-28 14:48:23 - INFO - [Recognition] Active: BẬT
2026-08-28 14:48:31 - INFO - [UI] Đang đóng cửa sổ...
2026-08-28 14:48:45 - INFO - 🔄 Bắt đầu chương trình...
2026-08-28 14:48:45 - INFO - ============================================================
2026-08-28 14:48:45 - INFO - FACESECURE - KHỞI TẠO HỆ THỐNG
2026-08-28 14:48:45 - INFO - ============================================================
2026-08-28 14:48:45 - INFO - [1] Khởi tạo cơ sở dữ liệu...
2026-08-28 14:48:45 - INFO -     Đã tải 3 người dùng
2026-08-28 14:48:45 - INFO - [2] Khởi tạo MTCNN...
2026-08-28 14:48:45 - INFO -     OK
2026-08-28 14:48:45 - INFO - [3] Khởi tạo FaceNet...
2026-08-28 14:48:45 - INFO -     OK
2026-08-28 14:48:45 - INFO - [4] Khởi tạo Face Matcher...
2026-08-28 14:48:45 - INFO -     OK
2026-08-28 14:48:45 - INFO - [5] Khởi tạo Face Recognizer...
2026-08-28 14:48:45 - INFO - [Recognizer] Khởi tạo với phương pháp: cosine
2026-08-28 14:48:45 - INFO -     OK
2026-08-28 14:48:45 - INFO - [6] Khởi tạo Services...
2026-08-28 14:48:45 - INFO -     Đăng ký      : OK
2026-08-28 14:48:45 - INFO -     Nhận dạng 1:N : OK
2026-08-28 14:48:45 - INFO -     Xác minh 1:1  : OK
2026-08-28 14:48:45 - INFO - [7] Khởi tạo Face API...
2026-08-28 14:48:45 - INFO -     OK
2026-08-28 14:48:45 - INFO - [8] Khởi tạo Database API...
2026-08-28 14:48:45 - INFO -     OK
2026-08-28 14:48:45 - INFO - ============================================================
2026-08-28 14:48:45 - INFO - ✅ KHỞI TẠO HỆ THỐNG THÀNH CÔNG
2026-08-28 14:48:45 - INFO - ============================================================
2026-08-28 14:48:45 - INFO - 🔄 Đang khởi tạo giao diện...
2026-08-28 14:48:45 - INFO - [UI] Bắt đầu khởi tạo MainWindow...
2026-08-28 14:48:45 - INFO - [UI] Đang tạo giao diện...
2026-08-28 14:48:45 - INFO - [UI] Tạo trang đăng ký...
2026-08-28 14:48:45 - INFO - [Registration] Đã khởi tạo (GPU=True)
2026-08-28 14:48:45 - INFO - [UI] Tạo trang nhận dạng...
2026-08-28 14:48:45 - INFO - [Recognition] Đã tìm thấy font: C:/Windows/Fonts/arial.ttf
2026-08-28 14:48:46 - INFO - [Recognition] Đã khởi tạo (GPU=True, FPS=60)
2026-08-28 14:48:46 - INFO - [UI] Tạo trang quản lý...
2026-08-28 14:48:46 - INFO - [Database] Đã tải 3 người dùng
2026-08-28 14:48:46 - INFO - [Database] Đã khởi tạo
2026-08-28 14:48:46 - INFO - [UI] Tạo trang cài đặt...
2026-08-28 14:48:49 - INFO - [Settings] Đã chuyển sang camera 0
2026-08-28 14:48:49 - INFO - [Recognition] Active: TẮT
2026-08-28 14:48:49 - INFO - [Recognition] Active: TẮT
2026-08-28 14:48:49 - INFO - [Registration] Active: BẬT
2026-08-28 14:48:49 - INFO - [UI] Giao diện đã tạo xong
2026-08-28 14:48:49 - INFO - [UI] MainWindow khởi tạo thành công! (FPS=60)
2026-08-28 14:48:50 - INFO - ✅ Giao diện đã hiển thị
2026-08-28 14:48:53 - INFO - [Registration] Active: TẮT
2026-08-28 14:48:53 - INFO - [Recognition] Active: TẮT
2026-08-28 14:48:53 - INFO - [Recognition] Active: TẮT
2026-08-28 14:48:53 - INFO - [UI] Camera paused
2026-08-28 14:48:55 - INFO - [Settings] Đã chuyển sang camera 1
2026-08-28 14:48:56 - INFO - [Settings] Đã cập nhật: 1N=0.3, 11=0.2
2026-08-28 14:48:56 - INFO - [Settings] Đã lưu: 1N=0.3, 11=0.2
2026-08-28 14:48:57 - INFO - [Registration] Active: TẮT
2026-08-28 14:48:57 - INFO - [Recognition] Active: TẮT
2026-08-28 14:48:57 - INFO - [Recognition] Active: TẮT
2026-08-28 14:48:57 - INFO - [UI] Camera paused
2026-08-28 14:48:57 - INFO - [Database] Đã tải 3 người dùng
2026-08-28 14:48:58 - INFO - [Registration] Active: TẮT
2026-08-28 14:48:58 - INFO - [Recognition] Active: BẬT
2026-08-28 14:49:01 - INFO - [Recognition] Active: TẮT
2026-08-28 14:49:01 - INFO - [Recognition] Active: TẮT
2026-08-28 14:49:01 - INFO - [Registration] Active: BẬT
2026-08-28 14:49:02 - INFO - [Registration] Active: TẮT
2026-08-28 14:49:02 - INFO - [Recognition] Active: BẬT
2026-08-28 14:49:03 - INFO - [Recognition] Active: TẮT
2026-08-28 14:49:03 - INFO - [Recognition] Active: TẮT
2026-08-28 14:49:03 - INFO - [Registration] Active: BẬT
2026-08-28 14:49:03 - INFO - [Registration] Active: TẮT
2026-08-28 14:49:03 - INFO - [Recognition] Active: BẬT
2026-08-28 14:49:04 - INFO - [Registration] Active: TẮT
2026-08-28 14:49:04 - INFO - [Recognition] Active: TẮT
2026-08-28 14:49:04 - INFO - [Recognition] Active: TẮT
2026-08-28 14:49:04 - INFO - [UI] Camera paused
2026-08-28 14:49:04 - INFO - [Database] Đã tải 3 người dùng
2026-08-28 14:49:04 - INFO - [Registration] Active: TẮT
2026-08-28 14:49:04 - INFO - [Recognition] Active: TẮT
2026-08-28 14:49:04 - INFO - [Recognition] Active: TẮT
2026-08-28 14:49:04 - INFO - [UI] Camera paused
2026-08-28 14:49:08 - INFO - [Settings] Đã chuyển sang camera 0
2026-08-28 14:49:08 - INFO - [Registration] Active: TẮT
2026-08-28 14:49:08 - INFO - [Recognition] Active: BẬT
2026-08-28 14:49:08 - INFO - [Registration] Active: TẮT
2026-08-28 14:49:08 - INFO - [Recognition] Active: BẬT
2026-08-28 14:49:10 - INFO - [TTS] Đang phát tiếng Việt: nhận diện thành công 1...
2026-08-28 14:49:10 - INFO - [Recognition] Đã phát giọng nói: nhận diện thành công 1
2026-08-28 14:49:13 - INFO - [TTS] Đang phát tiếng Việt: nhận diện thành công 1...
2026-08-28 14:49:13 - INFO - [Recognition] Đã phát giọng nói: nhận diện thành công 1
2026-08-28 14:49:13 - INFO - [TTS] pygame.mixer đã khởi tạo
2026-08-28 14:49:15 - INFO - [TTS] ✅ Đã phát xong tiếng Việt: nhận diện thành công 1...
2026-08-28 14:49:16 - INFO - [TTS] Đang phát tiếng Việt: nhận diện thành công 1...
2026-08-28 14:49:16 - INFO - [Recognition] Đã phát giọng nói: nhận diện thành công 1
2026-08-28 14:49:17 - INFO - [TTS] ✅ Đã phát xong tiếng Việt: nhận diện thành công 1...
2026-08-28 14:49:17 - INFO - [UI] Đang đóng cửa sổ...
